Mouse_ID,image,type1_oxidative,type2_oxidative,glycolytic,total,prop_ox,prop_glyco,comments
ME_F1_201_a,1,34,3,44,81,0.4567901235,0.5432098765,
ME_F1_201_a,2,37,18,33,88,0.625,0.375,
ME_F1_201_a,3,62,0,29,91,0.6813186813,0.3186813187,
ME_F1_201_a,4,20,1,30,51,0.4117647059,0.5882352941,
ME_F1_201_a,5,60,0,18,78,0.7692307692,0.2307692308,
ME_F1_201_a,6,49,17,18,84,0.7857142857,0.2142857143,
ME_F1_201_a,7,58,0,31,89,0.6516853933,0.3483146067,
ME_F1_201_a,8,24,10,48,82,0.4146341463,0.5853658537,
ME_F1_201_a,9,35,13,37,85,0.5647058824,0.4352941176,
ME_F1_201_a,10,73,18,10,101,0.900990099,0.09900990099,
ME_F1_201_a,11,31,21,27,79,0.6582278481,0.3417721519,
ME_F1_201_a,12,23,0,31,54,0.4259259259,0.5740740741,
ME_F1_201_a,13,28,5,56,89,0.3707865169,0.6292134831,
ME_F1_201_a,14,18,3,33,54,0.3888888889,0.6111111111,
ME_F1_201_a,15,15,5,38,58,0.3448275862,0.6551724138,
ME_F1_201_a,16,60,0,11,71,0.8450704225,0.1549295775,
,,,,,,0.5809725797,0.4190274203,
,,,,,,0.1835500917,0.1835500917,
AZ_F1_7_f,1,13,0,35,48,0.2708333333,0.7291666667,
AZ_F1_7_f,2,66,0,0,66,1,0,
AZ_F1_7_f,3,5,9,45,59,0.2372881356,0.7627118644,
AZ_F1_7_f,4,2,7,39,48,0.1875,0.8125,
AZ_F1_7_f,5,1,16,30,47,0.3617021277,0.6382978723,
AZ_F1_7_f,6,89,0,0,89,1,0,
AZ_F1_7_f,7,36,0,33,69,0.5217391304,0.4782608696,
AZ_F1_7_f,8,22,0,41,63,0.3492063492,0.6507936508,
AZ_F1_7_f,9,0,41,31,72,0.5694444444,0.4305555556,
AZ_F1_7_f,10,,,,0,,,
AZ_F1_7_f,11,25,0,29,54,0.462962963,0.537037037,
AZ_F1_7_f,12,10,0,29,39,0.2564102564,0.7435897436,
AZ_F1_7_f,13,15,0,33,48,0.3125,0.6875,
AZ_F1_7_f,14,0,25,39,64,0.390625,0.609375,
AZ_F1_7_f,15,28,0,36,64,0.4375,0.5625,
AZ_F1_7_f,16,33,0,35,68,0.4852941176,0.5147058824,
,,,,,,0.4562003905,0.5437996095,
,,,,,,0.2463337681,0.2463337681,
LN_F1_202_k,1,37,0,19,56,0.6607142857,0.3392857143,
LN_F1_202_k,2,26,0,44,70,0.3714285714,0.6285714286,
LN_F1_202_k,3,20,0,37,57,0.350877193,0.649122807,
LN_F1_202_k,4,70,0,0,70,1,0,
LN_F1_202_k,5,50,0,30,80,0.625,0.375,
LN_F1_202_k,6,,,,0,,,
LN_F1_202_k,7,,,,0,,,
LN_F1_202_k,8,42,0,33,75,0.56,0.44,
LN_F1_202_k,9,36,0,39,75,0.48,0.52,
LN_F1_202_k,10,22,0,27,49,0.4489795918,0.5510204082,
LN_F1_202_k,11,23,0,42,65,0.3538461538,0.6461538462,
LN_F1_202_k,12,26,0,37,63,0.4126984127,0.5873015873,
,,,,,,0.5263544209,0.4736455791,
,,,,,,0.1996837351,0.1996837351,
LS_F1_207_h,1,47,0,44,91,0.5164835165,0.4835164835,
LS_F1_207_h,2,68,0,27,95,0.7157894737,0.2842105263,
LS_F1_207_h,3,50,0,44,94,0.5319148936,0.4680851064,
LS_F1_207_h,4,58,0,45,103,0.5631067961,0.4368932039,
LS_F1_207_h,5,83,0,32,115,0.7217391304,0.2782608696,
LS_F1_207_h,6,67,0,36,103,0.6504854369,0.3495145631,
LS_F1_207_h,7,12,25,56,93,0.3978494624,0.6021505376,
LS_F1_207_h,8,92,0,23,115,0.8,0.2,
LS_F1_207_h,9,40,17,49,106,0.5377358491,0.4622641509,
LS_F1_207_h,10,14,32,40,86,0.5348837209,0.4651162791,
LS_F1_207_h,11,0,11,76,87,0.1264367816,0.8735632184,
LS_F1_207_h,12,49,16,29,94,0.6914893617,0.3085106383,
LS_F1_207_h,13,3,22,48,73,0.3424657534,0.6575342466,
,,,,,,0.5484907828,0.4515092172,
,,,,,,0.1819328184,0.1819328184,
ME_F1_208_a,1,52,0,45,97,0.5360824742,0.4639175258,
ME_F1_208_a,2,25,0,50,75,0.3333333333,0.6666666667,
ME_F1_208_a,3,58,0,59,117,0.4957264957,0.5042735043,
ME_F1_208_a,4,0,24,92,116,0.2068965517,0.7931034483,
ME_F1_208_a,5,71,0,59,130,0.5461538462,0.4538461538,
ME_F1_208_a,6,70,0,44,114,0.6140350877,0.3859649123,
ME_F1_208_a,7,83,0,45,128,0.6484375,0.3515625,
ME_F1_208_a,8,80,0,28,108,0.7407407407,0.2592592593,
ME_F1_208_a,9,110,0,34,144,0.7638888889,0.2361111111,
ME_F1_208_a,10,27,0,64,91,0.2967032967,0.7032967033,
ME_F1_208_a,11,122,0,0,122,1,0,
ME_F1_208_a,12,55,0,43,98,0.5612244898,0.4387755102,
,,,,,,0.5619352254,0.4380647746,
,,,,,,0.2192581001,0.2192581001,
Mus_43e,1,55,0,24,79,0.6962025316,0.3037974684,
Mus_43e,2,75,0,17,92,0.8152173913,0.1847826087,
Mus_43e,3,65,0,25,90,0.7222222222,0.2777777778,
Mus_43e,4,42,0,21,63,0.6666666667,0.3333333333,
Mus_43e,5,54,0,6,60,0.9,0.1,
Mus_43e,6,40,0,20,60,0.6666666667,0.3333333333,
Mus_43e,7,,,,,,,
Mus_43e,8,,,,,,,
Mus_43e,9,33,0,11,44,0.75,0.25,
Mus_43e,10,51,0,27,78,0.6538461538,0.3461538462,
Mus_43e,11,44,0,26,70,0.6285714286,0.3714285714,
,,,,,,0.7221547845,0.2778452155,
,,,,,,0.08755014665,0.08755014665,
PO_41,1,71,0,31,102,0.6960784314,0.3039215686,
PO_41,2,39,0,60,99,0.3939393939,0.6060606061,
PO_41,3,37,16,43,96,0.5520833333,0.4479166667,
PO_41,4,51,0,24,75,0.68,0.32,
PO_41,5,77,0,23,100,0.77,0.23,
PO_41,6,0,28,72,100,0.28,0.72,
PO_41,7,0,34,60,94,0.3617021277,0.6382978723,
PO_41,8,69,0,32,101,0.6831683168,0.3168316832,
PO_41,9,47,0,47,94,0.5,0.5,
PO_41,10,15,40,55,110,0.5,0.5,
,,,,,,0.5416971603,0.4583028397,
,,,,,,0.1637744652,0.1637744652,
AZ_F1_7_c,1,8,17,51,76,0.3289473684,0.6710526316,
AZ_F1_7_c,2,19,15,35,69,0.4927536232,0.5072463768,
AZ_F1_7_c,3,54,0,18,72,0.75,0.25,
AZ_F1_7_c,4,15,14,37,66,0.4393939394,0.5606060606,
AZ_F1_7_c,5,4,14,46,64,0.28125,0.71875,
AZ_F1_7_c,6,27,0,23,50,0.54,0.46,
AZ_F1_7_c,7,6,16,32,54,0.4074074074,0.5925925926,
AZ_F1_7_c,8,0,22,47,69,0.3188405797,0.6811594203,
,,,,,,0.4448241148,0.5551758852,
,,,,,,0.1521152134,0.1521152134,
ME_F1_108_h,1,45,0,37,82,0.5487804878,0.4512195122,
ME_F1_108_h,2,69,0,17,86,0.8023255814,0.1976744186,
ME_F1_108_h,3,54,0,22,76,0.7105263158,0.2894736842,
ME_F1_108_h,4,25,0,34,59,0.4237288136,0.5762711864,
ME_F1_108_h,5,25,9,36,70,0.4857142857,0.5142857143,
ME_F1_108_h,6,21,13,40,74,0.4594594595,0.5405405405,
ME_F1_108_h,7,40,13,22,75,0.7066666667,0.2933333333,
ME_F1_108_h,8,61,0,17,78,0.7820512821,0.2179487179,
ME_F1_108_h,9,25,19,39,83,0.5301204819,0.4698795181,
ME_F1_108_h,10,30,26,30,86,0.6511627907,0.3488372093,
,,,,,,0.6100536165,0.3899463835,
,,,,,,0.1377074267,0.1377074267,
LN_F1_114_j,1,19,32,38,89,0.5730337079,0.4269662921,
LN_F1_114_j,2,47,0,39,86,0.5465116279,0.4534883721,
LN_F1_114_j,3,13,11,34,58,0.4137931034,0.5862068966,
LN_F1_114_j,4,62,0,40,102,0.6078431373,0.3921568627,
LN_F1_114_j,5,40,17,42,99,0.5757575758,0.4242424242,
LN_F1_114_j,6,34,0,49,83,0.4096385542,0.5903614458,
LN_F1_114_j,7,6,0,79,85,0.07058823529,0.9294117647,
LN_F1_114_j,8,29,30,37,96,0.6145833333,0.3854166667,
LN_F1_114_j,9,53,0,50,103,0.5145631068,0.4854368932,
LN_F1_114_j,10,41,0,49,90,0.4555555556,0.5444444444,
LN_F1_114_j,11,26,8,55,89,0.3820224719,0.6179775281,
LN_F1_114_j,12,4,15,65,84,0.2261904762,0.7738095238,
,,,,,,0.4491734071,0.5508265929,
,,,,,,0.1646110747,0.1646110747,
LS_F1_206_c,12,91,0,49,140,0.65,0.35,
LS_F1_206_c,1,86,0,62,148,0.5810810811,0.4189189189,
LS_F1_206_c,2,42,25,75,142,0.4718309859,0.5281690141,
LS_F1_206_c,3,47,25,58,130,0.5538461538,0.4461538462,
LS_F1_206_c,4,52,0,55,107,0.4859813084,0.5140186916,
LS_F1_206_c,5,43,0,60,103,0.4174757282,0.5825242718,
LS_F1_206_c,6,36,0,87,123,0.2926829268,0.7073170732,
LS_F1_206_c,7,0,13,72,85,0.1529411765,0.8470588235,
LS_F1_206_c,8,0,32,78,110,0.2909090909,0.7090909091,
LS_F1_206_c,9,37,0,75,112,0.3303571429,0.6696428571,
LS_F1_206_c,10,66,0,44,110,0.6,0.4,
LS_F1_206_c,11,113,0,50,163,0.6932515337,0.3067484663,
,,,,,,0.4600297607,0.5399702393,
,,,,,,0.1662080953,0.1662080953,
Mus_34a,1,,,,,,,
Mus_34a,2,,,,,,,
Mus_34a,3,,,,,,,
Mus_34a,4,47,10,37,94,0.6063829787,0.3936170213,
Mus_34a,5,43,0,29,72,0.5972222222,0.4027777778,
Mus_34a,6,55,0,34,89,0.6179775281,0.3820224719,
Mus_34a,7,40,15,15,70,0.7857142857,0.2142857143,
Mus_34a,8,50,9,13,72,0.8194444444,0.1805555556,
Mus_34a,9,53,0,17,70,0.7571428571,0.2428571429,
Mus_34a,10,,,,,,,
Mus_34a,11,,,,,,,
Mus_34a,12,,,,,,,
,,,,,,0.6973140527,0.3026859473,
,,,,,,0.1008871037,0.1008871037,
PO_26,1,10,14,32,56,0.4285714286,0.5714285714,
PO_26,2,24,11,24,59,0.593220339,0.406779661,
PO_26,3,76,0,22,98,0.7755102041,0.2244897959,
PO_26,4,29,9,30,68,0.5588235294,0.4411764706,
PO_26,5,7,11,60,78,0.2307692308,0.7692307692,
PO_26,6,37,11,24,72,0.6666666667,0.3333333333,
PO_26,7,25,21,15,61,0.7540983607,0.2459016393,
PO_26,8,26,15,27,68,0.6029411765,0.3970588235,
PO_26,9,30,0,30,60,0.5,0.5,
PO_26,10,30,0,31,61,0.4918032787,0.5081967213,
PO_26,11,35,10,23,68,0.6617647059,0.3382352941,
,,,,,,0.5694699018,0.4305300982,
,,,,,,0.1554774153,0.1554774153,
AZ_F1_201_c,1,60,0,18,78,0.7692307692,0.2307692308,
AZ_F1_201_c,2,21,9,30,60,0.5,0.5,
AZ_F1_201_c,3,0,26,42,68,0.3823529412,0.6176470588,
AZ_F1_201_c,4,57,0,12,69,0.8260869565,0.1739130435,
AZ_F1_201_c,5,25,13,32,70,0.5428571429,0.4571428571,
AZ_F1_201_c,6,15,6,54,75,0.28,0.72,
AZ_F1_201_c,7,25,0,61,86,0.2906976744,0.7093023256,
AZ_F1_201_c,8,19,11,57,87,0.3448275862,0.6551724138,
AZ_F1_201_c,9,36,0,54,90,0.4,0.6,
AZ_F1_201_c,10,73,0,17,90,0.8111111111,0.1888888889,
AZ_F1_201_c,11,84,0,11,95,0.8842105263,0.1157894737,
AZ_F1_201_c,12,52,0,32,84,0.619047619,0.380952381,
AZ_F1_201_c,13,33,0,57,90,0.3666666667,0.6333333333,
,,,,,,0.5397760764,0.4602239236,
,,,,,,0.2191977058,0.2191977058,
LN_F1_121_g,1,15,0,25,40,0.375,0.625,
LN_F1_121_g,2,21,5,39,65,0.4,0.6,
LN_F1_121_g,3,20,0,25,45,0.4444444444,0.5555555556,
LN_F1_121_g,4,36,0,24,60,0.6,0.4,
LN_F1_121_g,5,13,7,35,55,0.3636363636,0.6363636364,
LN_F1_121_g,6,25,8,22,55,0.6,0.4,
LN_F1_121_g,7,21,9,37,67,0.447761194,0.552238806,
LN_F1_121_g,8,49,0,35,84,0.5833333333,0.4166666667,
LN_F1_121_g,9,6,14,41,61,0.3278688525,0.6721311475,
LN_F1_121_g,10,30,0,19,49,0.612244898,0.387755102,
LN_F1_121_g,11,8,16,27,51,0.4705882353,0.5294117647,
LN_F1_121_g,12,5,7,55,67,0.1791044776,0.8208955224,
LN_F1_121_g,13,0,20,57,77,0.2597402597,0.7402597403,
,,,,,,0.4356709276,0.5643290724,
,,,,,,0.1375301767,0.1375301767,
LS_F1_202_a,1,87,0,35,122,0.7131147541,0.2868852459,
LS_F1_202_a,2,81,0,22,103,0.786407767,0.213592233,
LS_F1_202_a,3,40,0,47,87,0.4597701149,0.5402298851,
LS_F1_202_a,4,44,15,40,99,0.595959596,0.404040404,
LS_F1_202_a,5,63,0,36,99,0.6363636364,0.3636363636,
LS_F1_202_a,6,68,0,35,103,0.6601941748,0.3398058252,
LS_F1_202_a,7,76,0,25,101,0.7524752475,0.2475247525,
LS_F1_202_a,8,74,0,35,109,0.6788990826,0.3211009174,
LS_F1_202_a,9,25,9,64,98,0.3469387755,0.6530612245,
LS_F1_202_a,10,57,0,47,104,0.5480769231,0.4519230769,
LS_F1_202_a,11,4,25,61,90,0.3222222222,0.6777777778,
LS_F1_202_a,12,36,0,58,94,0.3829787234,0.6170212766,
LS_F1_202_a,13,15,18,57,90,0.3666666667,0.6333333333,
LS_F1_202_a,14,10,22,58,90,0.3555555556,0.6444444444,
,,,,,,0.5432588028,0.4567411972,
,,,,,,0.1668166492,0.1668166492,
ME_107_Y(L),1,15,0,38,53,0.2830188679,0.7169811321,
ME_107_Y(L),2,13,0,40,53,0.2452830189,0.7547169811,
ME_107_Y(L),3,28,0,36,64,0.4375,0.5625,
ME_107_Y(L),4,15,0,46,61,0.2459016393,0.7540983607,
ME_107_Y(L),5,13,8,42,63,0.3333333333,0.6666666667,
ME_107_Y(L),6,16,0,31,47,0.3404255319,0.6595744681,
ME_107_Y(L),7,18,0,42,60,0.3,0.7,
ME_107_Y(L),8,15,0,42,57,0.2631578947,0.7368421053,
ME_107_Y(L),9,30,0,55,85,0.3529411765,0.6470588235,
ME_107_Y(L),10,24,0,58,82,0.2926829268,0.7073170732,
ME_107_Y(L),11,35,0,39,74,0.472972973,0.527027027,
ME_107_Y(L),12,44,0,19,63,0.6984126984,0.3015873016,
ME_107_Y(L),13,55,0,21,76,0.7236842105,0.2763157895,
ME_107_Y(L),14,33,4,47,84,0.4404761905,0.5595238095,
ME_107_Y(L),15,24,0,42,66,0.3636363636,0.6363636364,
ME_107_Y(L),16,46,0,28,74,0.6216216216,0.3783783784,
,,,,,,0.4009405279,0.5990594721,
,,,,,,0.1558705835,0.1558705835,
ML_F1_9_b,1,18,20,25,63,0.6031746032,0.3968253968,
ML_F1_9_b,2,34,0,27,61,0.5573770492,0.4426229508,
ML_F1_9_b,3,12,4,34,50,0.32,0.68,
ML_F1_9_b,4,52,2,22,76,0.7105263158,0.2894736842,
ML_F1_9_b,5,21,18,19,58,0.6724137931,0.3275862069,
ML_F1_9_b,6,28,11,18,57,0.6842105263,0.3157894737,
ML_F1_9_b,7,10,11,32,53,0.3962264151,0.6037735849,
ML_F1_9_b,8,3,0,57,60,0.05,0.95,
ML_F1_9_b,9,21,17,24,62,0.6129032258,0.3870967742,
ML_F1_9_b,10,30,15,20,65,0.6923076923,0.3076923077,
ML_F1_9_b,11,41,0,24,65,0.6307692308,0.3692307692,
ML_F1_9_b,12,3,6,39,48,0.1875,0.8125,
ML_F1_9_b,13,9,8,23,40,0.425,0.575,
,,,,,,0.5032622193,0.4967377807,
,,,,,,0.2116522948,0.2116522948,
Mus_31m,1,,,,,,,
Mus_31m,2,,,,,,,
Mus_31m,3,24,0,26,50,0.48,0.52,
Mus_31m,4,37,0,18,55,0.6727272727,0.3272727273,
Mus_31m,5,84,0,8,92,0.9130434783,0.08695652174,
Mus_31m,6,,,,,,,
Mus_31m,7,,,,,,,
Mus_31m,8,,,,,,,
Mus_31m,9,61,0,14,75,0.8133333333,0.1866666667,
Mus_31m,10,72,0,0,72,1,0,
Mus_31m,11,31,8,15,54,0.7222222222,0.2777777778,
Mus_31m,12,,,,,,,
Mus_31m,13,,,,,,,
Mus_31m,14,,,,,,,
Mus_31m,15,,,,,,,
,,,,,,0.7668877178,0.2331122822,
,,,,,,0.1849463685,0.1849463685,
PO_047,1,95,0,14,109,0.871559633,0.128440367,
PO_047,2,85,0,11,96,0.8854166667,0.1145833333,
PO_047,3,76,0,5,81,0.9382716049,0.06172839506,
PO_047,4,42,4,19,65,0.7076923077,0.2923076923,
PO_047,5,33,9,22,64,0.65625,0.34375,
PO_047,6,79,0,12,91,0.8681318681,0.1318681319,
PO_047,7,94,0,9,103,0.9126213592,0.08737864078,
PO_047,8,54,17,26,97,0.7319587629,0.2680412371,
PO_047,9,38,15,18,71,0.7464788732,0.2535211268,
PO_047,10,39,14,37,90,0.5888888889,0.4111111111,
PO_047,11,,,,,,,
PO_047,12,35,16,30,81,0.6296296296,0.3703703704,
PO_047,13,36,20,32,88,0.6363636364,0.3636363636,
,,,,,,0.7644386026,0.2355613974,
,,,,,,0.1245850233,0.1245850233,
AZ_F1_3_e,1,27,0,48,75,0.36,0.64,
AZ_F1_3_e,2,29,19,26,74,0.6486486486,0.3513513514,
AZ_F1_3_e,3,43,16,17,76,0.7763157895,0.2236842105,
AZ_F1_3_e,4,34,8,34,76,0.5526315789,0.4473684211,
AZ_F1_3_e,5,24,6,36,66,0.4545454545,0.5454545455,
AZ_F1_3_e,6,24,15,32,71,0.5492957746,0.4507042254,
AZ_F1_3_e,7,12,10,41,63,0.3492063492,0.6507936508,
AZ_F1_3_e,8,26,3,47,76,0.3815789474,0.6184210526,
AZ_F1_3_e,9,71,0,0,71,1,0,
AZ_F1_3_e,10,79,0,0,79,1,0,
AZ_F1_3_e,11,27,0,37,64,0.421875,0.578125,
AZ_F1_3_e,12,22,10,44,76,0.4210526316,0.5789473684,
AZ_F1_3_e,13,15,5,62,82,0.243902439,0.756097561,
AZ_F1_3_e,14,11,0,59,70,0.1571428571,0.8428571429,
AZ_F1_3_e,15,8,0,73,81,0.0987654321,0.9012345679,
,,,,,,0.4943307268,0.5056692732,
,,,,,,0.2696632333,0.2696632333,
LN_F1_201_d,1,40,0,43,83,0.4819277108,0.5180722892,
LN_F1_201_d,2,25,0,36,61,0.4098360656,0.5901639344,
LN_F1_201_d,3,48,0,25,73,0.6575342466,0.3424657534,
LN_F1_201_d,4,52,0,49,101,0.5148514851,0.4851485149,
LN_F1_201_d,5,33,15,69,117,0.4102564103,0.5897435897,
LN_F1_201_d,6,11,0,62,73,0.1506849315,0.8493150685,
LN_F1_201_d,7,14,0,56,70,0.2,0.8,
LN_F1_201_d,8,95,0,44,139,0.6834532374,0.3165467626,
LN_F1_201_d,9,68,0,35,103,0.6601941748,0.3398058252,
LN_F1_201_d,10,43,0,42,85,0.5058823529,0.4941176471,
LN_F1_201_d,11,18,15,36,69,0.4782608696,0.5217391304,
LN_F1_201_d,12,31,0,54,85,0.3647058824,0.6352941176,
LN_F1_201_d,13,22,14,37,73,0.4931506849,0.5068493151,
LN_F1_201_d,14,25,0,64,89,0.2808988764,0.7191011236,
,,,,,,0.4494026377,0.5505973623,
,,,,,,0.1626484041,0.1626484041,
LS_F1_206_a,1,107,0,63,170,0.6294117647,0.3705882353,
LS_F1_206_a,2,105,0,68,173,0.6069364162,0.3930635838,
LS_F1_206_a,3,59,0,84,143,0.4125874126,0.5874125874,
LS_F1_206_a,4,98,0,67,165,0.5939393939,0.4060606061,
LS_F1_206_a,5,44,24,83,151,0.4503311258,0.5496688742,
LS_F1_206_a,6,46,0,88,134,0.3432835821,0.6567164179,
LS_F1_206_a,7,95,0,80,175,0.5428571429,0.4571428571,
LS_F1_206_a,8,31,24,69,124,0.4435483871,0.5564516129,
LS_F1_206_a,9,27,20,89,136,0.3455882353,0.6544117647,
LS_F1_206_a,10,121,0,68,189,0.6402116402,0.3597883598,
LS_F1_206_a,11,38,31,76,145,0.475862069,0.524137931,
LS_F1_206_a,12,29,24,64,117,0.452991453,0.547008547,
LS_F1_206_a,13,16,27,77,120,0.3583333333,0.6416666667,
,,,,,,0.484298612,0.515701388,
,,,,,,0.1079576199,0.1079576199,
ME_203_E-3(M),1,34,3,32,69,0.5362318841,0.4637681159,
ME_203_E-3(M),2,31,3,36,70,0.4857142857,0.5142857143,
ME_203_E-3(M),3,43,18,16,77,0.7922077922,0.2077922078,
ME_203_E-3(M),4,48,15,8,71,0.8873239437,0.1126760563,
ME_203_E-3(M),5,42,0,41,83,0.5060240964,0.4939759036,
ME_203_E-3(M),6,14,13,29,56,0.4821428571,0.5178571429,
ME_203_E-3(M),7,42,2,38,82,0.5365853659,0.4634146341,
ME_203_E-3(M),8,50,0,26,76,0.6578947368,0.3421052632,
ME_203_E-3(M),9,86,0,0,86,1,0,
ME_203_E-3(M),10,79,0,6,85,0.9294117647,0.07058823529,
ME_203_E-3(M),11,96,0,0,96,1,0,
ME_203_E-3(M),12,51,0,13,64,0.796875,0.203125,
ME_203_E-3(M),13,47,0,17,64,0.734375,0.265625,
ME_203_E-3(M),14,63,0,9,72,0.875,0.125,
ME_203_E-3(M),15,80,0,10,90,0.8888888889,0.1111111111,
ME_203_E-3(M),16,75,0,0,75,1,0,
ME_203_E-3(M),17,55,0,4,59,0.9322033898,0.06779661017,
,,,,,,0.7671105297,0.2328894703,
,,,,,,0.1947354099,0.1947354099,
ML_F1_205_b,1,53,7,14,74,0.8108108108,0.1891891892,
ML_F1_205_b,2,8,9,22,39,0.4358974359,0.5641025641,
ML_F1_205_b,3,9,10,20,39,0.4871794872,0.5128205128,
ML_F1_205_b,4,28,10,11,49,0.7755102041,0.2244897959,
ML_F1_205_b,5,44,9,24,77,0.6883116883,0.3116883117,
ML_F1_205_b,6,38,13,17,68,0.75,0.25,
ML_F1_205_b,7,29,12,14,55,0.7454545455,0.2545454545,
ML_F1_205_b,8,23,0,29,52,0.4423076923,0.5576923077,
ML_F1_205_b,9,37,8,17,62,0.7258064516,0.2741935484,
ML_F1_205_b,10,14,0,40,54,0.2592592593,0.7407407407,
ML_F1_205_b,11,17,14,39,70,0.4428571429,0.5571428571,
ML_F1_205_b,12,10,4,26,40,0.35,0.65,
ML_F1_205_b,13,37,7,9,53,0.8301886792,0.1698113208,
,,,,,,0.5956602613,0.4043397387,
,,,,,,0.1964462141,0.1964462141,
Mus_34m,1,59,8,42,109,0.6146788991,0.3853211009,
Mus_34m,2,54,0,43,97,0.5567010309,0.4432989691,
Mus_34m,3,30,0,51,81,0.3703703704,0.6296296296,
Mus_34m,4,7,0,50,57,0.1228070175,0.8771929825,
Mus_34m,5,0,5,57,62,0.08064516129,0.9193548387,
Mus_34m,6,26,0,48,74,0.3513513514,0.6486486486,
Mus_34m,7,20,0,48,68,0.2941176471,0.7058823529,
Mus_34m,8,12,0,62,74,0.1621621622,0.8378378378,
Mus_34m,9,9,0,49,58,0.1551724138,0.8448275862,
Mus_34m,10,11,10,42,63,0.3333333333,0.6666666667,
Mus_34m,11,9,10,49,68,0.2794117647,0.7205882353,
Mus_34m,12,8,2,57,67,0.1492537313,0.8507462687,
,,,,,,0.2891670736,0.7108329264,
,,,,,,0.1691909022,0.1691909022,
PO_27,1,95,0,0,95,1,0,
PO_27,2,56,0,42,98,0.5714285714,0.4285714286,
PO_27,3,45,0,32,77,0.5844155844,0.4155844156,
PO_27,4,59,0,37,96,0.6145833333,0.3854166667,
,,,,,,0.6926068723,0.3073931277,
,,,,,,0.2057245269,0.2057245269,
AZ_F1_11_a,1,53,0,23,76,0.6973684211,0.3026315789,
AZ_F1_11_a,2,40,0,30,70,0.5714285714,0.4285714286,
AZ_F1_11_a,3,67,0,34,101,0.6633663366,0.3366336634,
AZ_F1_11_a,4,50,0,31,81,0.6172839506,0.3827160494,
AZ_F1_11_a,5,38,0,35,73,0.5205479452,0.4794520548,
AZ_F1_11_a,6,51,0,0,51,1,0,
AZ_F1_11_a,7,64,0,17,81,0.7901234568,0.2098765432,
AZ_F1_11_a,8,11,0,54,65,0.1692307692,0.8307692308,
AZ_F1_11_a,9,60,0,0,60,1,0,
AZ_F1_11_a,10,40,0,44,84,0.4761904762,0.5238095238,
AZ_F1_11_a,11,21,0,48,69,0.3043478261,0.6956521739,
AZ_F1_11_a,12,10,0,50,60,0.1666666667,0.8333333333,
AZ_F1_11_a,13,26,0,40,66,0.3939393939,0.6060606061,
AZ_F1_11_a,14,19,0,42,61,0.3114754098,0.6885245902,
AZ_F1_11_a,15,15,0,41,56,0.2678571429,0.7321428571,
AZ_F1_11_a,16,13,0,38,51,0.2549019608,0.7450980392,
,,,,,,0.5127955205,0.4872044795,
,,,,,,0.2691461118,0.2691461118,
LN_F1_121_f,1,66,0,41,107,0.6168224299,0.3831775701,
LN_F1_121_f,2,8,9,82,99,0.1717171717,0.8282828283,
LN_F1_121_f,3,45,0,66,111,0.4054054054,0.5945945946,
LN_F1_121_f,4,68,0,6,74,0.9189189189,0.08108108108,
LN_F1_121_f,5,53,0,44,97,0.5463917526,0.4536082474,
LN_F1_121_f,6,8,14,56,78,0.2820512821,0.7179487179,
LN_F1_121_f,7,90,0,14,104,0.8653846154,0.1346153846,
LN_F1_121_f,8,34,10,26,70,0.6285714286,0.3714285714,
LN_F1_121_f,9,1,9,52,62,0.1612903226,0.8387096774,
LN_F1_121_f,10,17,12,44,73,0.397260274,0.602739726,
LN_F1_121_f,11,26,6,29,61,0.5245901639,0.4754098361,
LN_F1_121_f,12,14,6,41,61,0.3278688525,0.6721311475,
LN_F1_121_f,13,4,7,40,51,0.2156862745,0.7843137255,
,,,,,,0.4663045302,0.5336954698,
,,,,,,0.2461599175,0.2461599175,
LS_F1_208_a,1,79,0,57,136,0.5808823529,0.4191176471,
LS_F1_208_a,2,65,0,57,122,0.5327868852,0.4672131148,
LS_F1_208_a,3,38,0,50,88,0.4318181818,0.5681818182,
LS_F1_208_a,4,20,15,51,86,0.4069767442,0.5930232558,
LS_F1_208_a,5,20,18,55,93,0.4086021505,0.5913978495,
LS_F1_208_a,6,25,12,41,78,0.4743589744,0.5256410256,
LS_F1_208_a,7,52,0,23,75,0.6933333333,0.3066666667,
LS_F1_208_a,8,24,0,23,47,0.5106382979,0.4893617021,
LS_F1_208_a,9,55,0,30,85,0.6470588235,0.3529411765,
LS_F1_208_a,10,37,25,37,99,0.6262626263,0.3737373737,
LS_F1_208_a,11,24,6,38,68,0.4411764706,0.5588235294,
LS_F1_208_a,12,19,22,32,73,0.5616438356,0.4383561644,
LS_F1_208_a,13,50,0,47,97,0.5154639175,0.4845360825,
LS_F1_208_a,14,41,0,51,92,0.4456521739,0.5543478261,
LS_F1_208_a,15,41,0,59,100,0.41,0.59,
,,,,,,0.5124436512,0.4875563488,
,,,,,,0.09305139599,0.09305139599,
ME_F1_201_b,1,27,0,50,77,0.3506493506,0.6493506494,
ME_F1_201_b,2,31,8,35,74,0.527027027,0.472972973,
ME_F1_201_b,3,24,13,38,75,0.4933333333,0.5066666667,
ME_F1_201_b,4,18,0,48,66,0.2727272727,0.7272727273,
ME_F1_201_b,5,17,17,29,63,0.5396825397,0.4603174603,
ME_F1_201_b,6,23,3,35,61,0.4262295082,0.5737704918,
ME_F1_201_b,7,58,0,7,65,0.8923076923,0.1076923077,
ME_F1_201_b,8,41,0,21,62,0.6612903226,0.3387096774,
ME_F1_201_b,9,47,0,14,61,0.7704918033,0.2295081967,
ME_F1_201_b,10,38,0,29,67,0.5671641791,0.4328358209,
ME_F1_201_b,11,28,0,30,58,0.4827586207,0.5172413793,
ME_F1_201_b,12,34,0,39,73,0.4657534247,0.5342465753,
ME_F1_201_b,13,71,10,4,85,0.9529411765,0.04705882353,
ME_F1_201_b,14,70,0,0,70,1,0,
ME_F1_201_b,15,,,,0,,,
ME_F1_201_b,16,21,0,34,55,0.3818181818,0.6181818182,
,,,,,,0.5856116288,0.4143883712,
,,,,,,0.2236067049,0.2236067049,
ML_F1_208_a,1,28,0,34,62,0.4516129032,0.5483870968,
ML_F1_208_a,2,56,0,19,75,0.7466666667,0.2533333333,
ML_F1_208_a,3,61,0,19,80,0.7625,0.2375,
ML_F1_208_a,4,48,0,18,66,0.7272727273,0.2727272727,
ML_F1_208_a,5,22,8,35,65,0.4615384615,0.5384615385,
ML_F1_208_a,6,42,0,24,66,0.6363636364,0.3636363636,
ML_F1_208_a,7,41,0,16,57,0.7192982456,0.2807017544,
ML_F1_208_a,8,40,0,17,57,0.701754386,0.298245614,
ML_F1_208_a,9,17,5,34,56,0.3928571429,0.6071428571,
ML_F1_208_a,10,48,14,35,97,0.6391752577,0.3608247423,
ML_F1_208_a,11,64,0,28,92,0.6956521739,0.3043478261,
ML_F1_208_a,12,28,7,34,69,0.5072463768,0.4927536232,
ML_F1_208_a,13,17,13,42,72,0.4166666667,0.5833333333,
ML_F1_208_a,14,30,0,31,61,0.4918032787,0.5081967213,
ML_F1_208_a,15,28,0,34,62,0.4516129032,0.5483870968,
,,,,,,0.5868013884,0.4131986116,
,,,,,,0.135786896,0.135786896,
Mus_43c,1,10,0,41,51,0.1960784314,0.8039215686,
Mus_43c,2,22,7,39,68,0.4264705882,0.5735294118,
Mus_43c,3,13,8,36,57,0.3684210526,0.6315789474,
Mus_43c,4,34,0,38,72,0.4722222222,0.5277777778,
Mus_43c,5,76,0,23,99,0.7676767677,0.2323232323,
Mus_43c,6,,,,0,,,
Mus_43c,7,40,0,27,67,0.5970149254,0.4029850746,
Mus_43c,8,44,0,25,69,0.6376811594,0.3623188406,
Mus_43c,9,69,0,20,89,0.7752808989,0.2247191011,
Mus_43c,10,40,2,33,75,0.56,0.44,
Mus_43c,11,27,2,48,77,0.3766233766,0.6233766234,
Mus_43c,12,34,0,41,75,0.4533333333,0.5466666667,
Mus_43c,13,12,6,36,54,0.3333333333,0.6666666667,
Mus_43c,14,,,,0,,,
,,,,,,0.4970113408,0.5029886592,
,,,,,,0.1758946232,0.1758946232,
PO_060,1,35,15,14,64,0.78125,0.21875,
PO_060,2,63,0,10,73,0.8630136986,0.1369863014,
PO_060,3,47,0,40,87,0.5402298851,0.4597701149,
PO_060,4,25,8,52,85,0.3882352941,0.6117647059,
PO_060,5,32,0,43,75,0.4266666667,0.5733333333,
PO_060,6,54,10,11,75,0.8533333333,0.1466666667,
PO_060,7,76,0,17,93,0.8172043011,0.1827956989,
PO_060,8,84,0,6,90,0.9333333333,0.06666666667,
PO_060,9,68,0,0,68,1,0,
PO_060,10,53,0,18,71,0.7464788732,0.2535211268,
PO_060,11,57,0,34,91,0.6263736264,0.3736263736,
PO_060,12,87,0,20,107,0.8130841121,0.1869158879,
PO_060,13,77,0,14,91,0.8461538462,0.1538461538,
PO_060,14,64,0,0,64,1,0,
PO_060,15,94,0,4,98,0.9591836735,0.04081632653,
PO_060,16,78,0,29,107,0.7289719626,0.2710280374,
,,,,,,0.7702195379,0.2297804621,
,,,,,,0.1885303462,0.1885303462,
AZ_F1_201_a,1,22,0,29,51,0.431372549,0.568627451,
AZ_F1_201_a,2,10,7,30,47,0.3617021277,0.6382978723,
AZ_F1_201_a,3,17,8,53,78,0.3205128205,0.6794871795,
AZ_F1_201_a,4,38,18,9,65,0.8615384615,0.1384615385,
AZ_F1_201_a,5,34,0,20,54,0.6296296296,0.3703703704,
AZ_F1_201_a,6,60,0,13,73,0.8219178082,0.1780821918,
AZ_F1_201_a,7,35,0,39,74,0.472972973,0.527027027,
AZ_F1_201_a,8,39,0,22,61,0.6393442623,0.3606557377,
AZ_F1_201_a,9,34,0,35,69,0.4927536232,0.5072463768,
AZ_F1_201_a,10,42,0,40,82,0.512195122,0.487804878,
AZ_F1_201_a,11,38,0,24,62,0.6129032258,0.3870967742,
AZ_F1_201_a,12,41,0,45,86,0.476744186,0.523255814,
AZ_F1_201_a,13,56,0,2,58,0.9655172414,0.03448275862,
AZ_F1_201_a,14,16,0,49,65,0.2461538462,0.7538461538,
AZ_F1_201_a,15,27,0,36,63,0.4285714286,0.5714285714,
AZ_F1_201_a,16,42,0,36,78,0.5384615385,0.4615384615,
,,,,,,0.5507681777,0.4492318223,
,,,,,,0.1978754009,0.1978754009,
LN_F1_121_o,1,102,0,14,116,0.8793103448,0.1206896552,
LN_F1_121_o,2,46,0,32,78,0.5897435897,0.4102564103,
LN_F1_121_o,3,101,0,0,101,1,0,
LN_F1_121_o,4,61,0,28,89,0.6853932584,0.3146067416,
LN_F1_121_o,5,93,0,16,109,0.8532110092,0.1467889908,
LN_F1_121_o,6,83,0,4,87,0.9540229885,0.04597701149,
LN_F1_121_o,7,63,0,32,95,0.6631578947,0.3368421053,
LN_F1_121_o,8,42,0,61,103,0.4077669903,0.5922330097,
LN_F1_121_o,9,23,0,66,89,0.2584269663,0.7415730337,
LN_F1_121_o,10,49,0,25,74,0.6621621622,0.3378378378,
LN_F1_121_o,11,65,0,10,75,0.8666666667,0.1333333333,
LN_F1_121_o,12,40,0,19,59,0.6779661017,0.3220338983,
LN_F1_121_o,13,30,0,31,61,0.4918032787,0.5081967213,
LN_F1_121_o,14,22,0,53,75,0.2933333333,0.7066666667,
LN_F1_121_o,15,28,0,42,70,0.4,0.6,
,,,,,,0.6455309723,0.3544690277,
,,,,,,0.2372736578,0.2372736578,
LS_F1_202_h,1,17,0,59,76,0.2236842105,0.7763157895,
LS_F1_202_h,2,32,0,36,68,0.4705882353,0.5294117647,
LS_F1_202_h,3,15,0,42,57,0.2631578947,0.7368421053,
LS_F1_202_h,4,42,0,35,77,0.5454545455,0.4545454545,
LS_F1_202_h,5,65,0,29,94,0.6914893617,0.3085106383,
LS_F1_202_h,6,26,0,38,64,0.40625,0.59375,
LS_F1_202_h,7,26,0,35,61,0.4262295082,0.5737704918,
LS_F1_202_h,8,22,0,35,57,0.3859649123,0.6140350877,
LS_F1_202_h,9,28,0,59,87,0.3218390805,0.6781609195,
LS_F1_202_h,10,79,0,10,89,0.8876404494,0.1123595506,
LS_F1_202_h,11,84,0,15,99,0.8484848485,0.1515151515,
LS_F1_202_h,12,101,0,7,108,0.9351851852,0.06481481481,
LS_F1_202_h,13,89,0,19,108,0.8240740741,0.1759259259,
LS_F1_202_h,14,25,11,58,94,0.3829787234,0.6170212766,
LS_F1_202_h,15,23,0,40,63,0.3650793651,0.6349206349,
LS_F1_202_h,16,8,0,70,78,0.1025641026,0.8974358974,
,,,,,,0.5050415311,0.4949584689,
,,,,,,0.2564609833,0.2564609833,
ME_F1_204_o,1,30,0,48,78,0.3846153846,0.6153846154,
ME_F1_204_o,2,21,0,50,71,0.2957746479,0.7042253521,
ME_F1_204_o,3,39,0,40,79,0.4936708861,0.5063291139,
ME_F1_204_o,4,30,0,50,80,0.375,0.625,
ME_F1_204_o,5,29,0,48,77,0.3766233766,0.6233766234,
ME_F1_204_o,6,36,2,34,72,0.5277777778,0.4722222222,
ME_F1_204_o,7,31,0,54,85,0.3647058824,0.6352941176,
ME_F1_204_o,8,49,0,48,97,0.5051546392,0.4948453608,
ME_F1_204_o,9,62,0,28,90,0.6888888889,0.3111111111,
ME_F1_204_o,10,46,0,41,87,0.5287356322,0.4712643678,
ME_F1_204_o,11,44,0,52,96,0.4583333333,0.5416666667,
ME_F1_204_o,12,26,0,47,73,0.3561643836,0.6438356164,
ME_F1_204_o,13,27,0,39,66,0.4090909091,0.5909090909,
ME_F1_204_o,14,,,,0,,,
ME_F1_204_o,15,20,0,32,52,0.3846153846,0.6153846154,
ME_F1_204_o,16,45,0,41,86,0.523255814,0.476744186,
,,,,,,0.4448271293,0.5551728707,
,,,,,,0.1001423598,0.1001423598,
ML_F1_208_j,1,45,0,21,66,0.6818181818,0.3181818182,
ML_F1_208_j,2,37,0,28,65,0.5692307692,0.4307692308,
ML_F1_208_j,3,13,19,24,56,0.5714285714,0.4285714286,
ML_F1_208_j,4,,,,0,,,
ML_F1_208_j,5,66,5,25,96,0.7395833333,0.2604166667,
ML_F1_208_j,6,29,13,32,74,0.5675675676,0.4324324324,
ML_F1_208_j,7,,,,0,,,
ML_F1_208_j,8,,,,0,,,
ML_F1_208_j,9,44,0,30,74,0.5945945946,0.4054054054,
ML_F1_208_j,10,42,0,16,58,0.724137931,0.275862069,
ML_F1_208_j,11,,,,0,,,
ML_F1_208_j,12,,,,0,,,
ML_F1_208_j,13,,,,0,,,
,,,,,,0.6354801356,0.3645198644,
,,,,,,0.07705000624,0.07705000624,
Mus_44b,1,55,0,18,73,0.7534246575,0.2465753425,
Mus_44b,2,19,12,27,58,0.5344827586,0.4655172414,
Mus_44b,3,51,0,30,81,0.6296296296,0.3703703704,
Mus_44b,4,28,0,40,68,0.4117647059,0.5882352941,
Mus_44b,5,,,,0,,,
Mus_44b,6,28,0,25,53,0.5283018868,0.4716981132,
Mus_44b,7,34,0,17,51,0.6666666667,0.3333333333,
Mus_44b,8,26,0,34,60,0.4333333333,0.5666666667,
Mus_44b,9,21,11,22,54,0.5925925926,0.4074074074,
Mus_44b,10,3,0,73,76,0.03947368421,0.9605263158,
Mus_44b,11,7,0,68,75,0.09333333333,0.9066666667,
Mus_44b,12,12,0,43,55,0.2181818182,0.7818181818,
Mus_44b,13,4,5,43,52,0.1730769231,0.8269230769,
Mus_44b,14,31,0,32,63,0.4920634921,0.5079365079,
Mus_44b,15,18,0,44,62,0.2903225806,0.7096774194,
,,,,,,0.4183320045,0.5816679955,
,,,,,,0.2229201015,0.2229201015,
PO_19,1,33,0,54,87,0.3793103448,0.6206896552,
PO_19,2,6,8,61,75,0.1866666667,0.8133333333,
PO_19,3,15,8,69,92,0.25,0.75,
PO_19,4,41,8,51,100,0.49,0.51,
PO_19,5,44,0,40,84,0.5238095238,0.4761904762,
PO_19,6,43,0,26,69,0.6231884058,0.3768115942,
PO_19,7,57,7,44,108,0.5925925926,0.4074074074,
PO_19,8,38,14,59,111,0.4684684685,0.5315315315,
PO_19,9,65,0,53,118,0.5508474576,0.4491525424,
PO_19,10,107,0,11,118,0.906779661,0.09322033898,
PO_19,11,106,0,1,107,0.9906542056,0.009345794393,
PO_19,12,53,0,37,90,0.5888888889,0.4111111111,
PO_19,13,51,7,33,91,0.6373626374,0.3626373626,
,,,,,,0.5529668348,0.4470331652,
,,,,,,0.2235599836,0.2235599836,
AZ_F1_203_h,1,,,,,,,
AZ_F1_203_h,2,34,0,42,76,0.4473684211,0.5526315789,
AZ_F1_203_h,3,45,0,25,70,0.6428571429,0.3571428571,
AZ_F1_203_h,4,55,0,3,58,0.9482758621,0.05172413793,
AZ_F1_203_h,5,50,0,29,79,0.6329113924,0.3670886076,
AZ_F1_203_h,6,22,0,46,68,0.3235294118,0.6764705882,
AZ_F1_203_h,7,24,0,57,81,0.2962962963,0.7037037037,
AZ_F1_203_h,8,,,,0,,,
AZ_F1_203_h,9,,,,0,,,
AZ_F1_203_h,10,29,0,52,81,0.3580246914,0.6419753086,
AZ_F1_203_h,12,62,0,32,94,0.6595744681,0.3404255319,
AZ_F1_203_h,13,33,0,36,69,0.4782608696,0.5217391304,
AZ_F1_203_h,14,43,0,20,63,0.6825396825,0.3174603175,
AZ_F1_203_h,15,41,0,16,57,0.7192982456,0.2807017544,
AZ_F1_203_h,16,13,0,27,40,0.325,0.675,
AZ_F1_203_h,17,15,0,49,64,0.234375,0.765625,
AZ_F1_203_h,18,,,,0,,,
,,,,,,0.5191008834,0.4808991166,
,,,,,,0.2118129516,0.2118129516,
LS_F1_206_o,1,60,0,15,75,0.8,0.2,
LS_F1_206_o,2,20,32,21,73,0.7123287671,0.2876712329,
LS_F1_206_o,3,52,0,36,88,0.5909090909,0.4090909091,
LS_F1_206_o,4,62,0,31,93,0.6666666667,0.3333333333,
LS_F1_206_o,5,50,0,26,76,0.6578947368,0.3421052632,
LS_F1_206_o,6,39,0,24,63,0.619047619,0.380952381,
LS_F1_206_o,7,38,3,31,72,0.5694444444,0.4305555556,
LS_F1_206_o,8,37,37,11,85,0.8705882353,0.1294117647,
LS_F1_206_o,9,31,11,37,79,0.5316455696,0.4683544304,
LS_F1_206_o,10,,,,0,,,
LS_F1_206_o,11,31,0,44,75,0.4133333333,0.5866666667,
LS_F1_206_o,12,25,0,56,81,0.3086419753,0.6913580247,
LS_F1_206_o,13,30,0,52,82,0.3658536585,0.6341463415,
LS_F1_206_o,14,,,,0,,,
,,,,,,0.5921961748,0.4078038252,
,,,,,,0.1688224114,0.1688224114,
ME_F1_202_a,1,57,0,46,103,0.5533980583,0.4466019417,
ME_F1_202_a,2,78,0,14,92,0.847826087,0.152173913,
ME_F1_202_a,3,34,0,41,75,0.4533333333,0.5466666667,
ME_F1_202_a,4,70,0,21,91,0.7692307692,0.2307692308,
ME_F1_202_a,5,95,0,10,105,0.9047619048,0.09523809524,
ME_F1_202_a,6,79,0,29,108,0.7314814815,0.2685185185,
ME_F1_202_a,7,46,0,22,68,0.6764705882,0.3235294118,
ME_F1_202_a,8,92,0,7,99,0.9292929293,0.07070707071,
ME_F1_202_a,9,37,0,54,91,0.4065934066,0.5934065934,
ME_F1_202_a,10,67,0,32,99,0.6767676768,0.3232323232,
ME_F1_202_a,11,60,0,30,90,0.6666666667,0.3333333333,
ME_F1_202_a,12,32,0,55,87,0.367816092,0.632183908,
ME_F1_202_a,13,39,0,34,73,0.5342465753,0.4657534247,
ME_F1_202_a,14,75,0,0,75,1,0,
ME_F1_202_a,15,45,0,12,57,0.7894736842,0.2105263158,
ME_F1_202_a,16,45,0,15,60,0.75,0.25,
,,,,,,0.6910849533,0.3089150467,
,,,,,,0.1879400518,0.1879400518,
ML_F1_205_c,1,9,0,48,57,0.1578947368,0.8421052632,
ML_F1_205_c,2,10,0,44,54,0.1851851852,0.8148148148,
ML_F1_205_c,3,18,0,47,65,0.2769230769,0.7230769231,
ML_F1_205_c,4,5,0,52,57,0.08771929825,0.9122807018,
ML_F1_205_c,5,42,7,30,79,0.6202531646,0.3797468354,
ML_F1_205_c,6,32,0,32,64,0.5,0.5,
ML_F1_205_c,7,42,0,37,79,0.5316455696,0.4683544304,
ML_F1_205_c,8,56,0,31,87,0.6436781609,0.3563218391,
ML_F1_205_c,9,66,0,23,89,0.7415730337,0.2584269663,
ML_F1_205_c,10,34,0,28,62,0.5483870968,0.4516129032,
ML_F1_205_c,11,45,0,29,74,0.6081081081,0.3918918919,
ML_F1_205_c,12,64,0,17,81,0.7901234568,0.2098765432,
ML_F1_205_c,13,13,0,31,44,0.2954545455,0.7045454545,
ML_F1_205_c,14,7,7,33,47,0.2978723404,0.7021276596,
ML_F1_205_c,15,10,0,48,58,0.1724137931,0.8275862069,
ML_F1_205_c,16,47,0,33,80,0.5875,0.4125,
,,,,,,0.4402957229,0.5597042771,
,,,,,,0.2264473992,0.2264473992,
Mus_43m,1,0,31,42,73,0.4246575342,0.5753424658,
Mus_43m,2,0,30,42,72,0.4166666667,0.5833333333,
Mus_43m,3,15,21,35,71,0.5070422535,0.4929577465,
Mus_43m,4,42,0,37,79,0.5316455696,0.4683544304,
Mus_43m,5,27,0,53,80,0.3375,0.6625,
Mus_43m,6,6,18,35,59,0.406779661,0.593220339,
Mus_43m,7,2,14,38,54,0.2962962963,0.7037037037,
Mus_43m,8,23,9,46,78,0.4102564103,0.5897435897,
Mus_43m,9,21,7,43,71,0.3943661972,0.6056338028,
Mus_43m,10,34,0,31,65,0.5230769231,0.4769230769,
Mus_43m,11,41,0,38,79,0.5189873418,0.4810126582,
Mus_43m,12,23,0,41,64,0.359375,0.640625,
Mus_43m,13,,,,0,,,
Mus_43m,14,,,,0,,,
Mus_43m,15,11,19,30,60,0.5,0.5,
Mus_43m,16,2,0,53,55,0.03636363636,0.9636363636,
,,,,,,0.4045009636,0.5954990364,
,,,,,,0.1293242996,0.1293242996,
PO_034,1,43,0,7,50,0.86,0.14,
PO_034,2,82,0,0,82,1,0,
PO_034,3,47,0,31,78,0.6025641026,0.3974358974,
PO_034,4,27,0,44,71,0.3802816901,0.6197183099,
PO_034,5,,,,0,,,
PO_034,6,,,,0,,,
PO_034,7,32,0,44,76,0.4210526316,0.5789473684,
PO_034,8,91,0,0,91,1,0,
PO_034,8b,34,0,12,46,0.7391304348,0.2608695652,
PO_034,9,20,9,24,53,0.5471698113,0.4528301887,
PO_034,10,45,0,28,73,0.6164383562,0.3835616438,
PO_034,11,26,0,46,72,0.3611111111,0.6388888889,
PO_034,12,17,0,44,61,0.2786885246,0.7213114754,
PO_034,13,,,,0,,,
PO_034,14,13,7,46,66,0.303030303,0.696969697,
,,,,,,0.5924555804,0.4075444196,
,,,,,,0.2590437563,0.2590437563,
AZ_F1_203_g,1,14,10,33,57,0.4210526316,0.5789473684,
AZ_F1_203_g,2,18,4,40,62,0.3548387097,0.6451612903,
AZ_F1_203_g,3,24,8,38,70,0.4571428571,0.5428571429,
AZ_F1_203_g,4,32,0,30,62,0.5161290323,0.4838709677,
AZ_F1_203_g,5,28,7,34,69,0.5072463768,0.4927536232,
AZ_F1_203_g,6,18,9,40,67,0.4029850746,0.5970149254,
AZ_F1_203_g,7,15,7,36,58,0.3793103448,0.6206896552,
AZ_F1_203_g,8,25,2,45,72,0.375,0.625,
AZ_F1_203_g,9,60,0,44,104,0.5769230769,0.4230769231,
AZ_F1_203_g,10,72,0,43,115,0.6260869565,0.3739130435,
AZ_F1_203_g,11,43,0,36,79,0.5443037975,0.4556962025,
AZ_F1_203_g,12,46,0,45,91,0.5054945055,0.4945054945,
AZ_F1_203_g,13,34,0,47,81,0.4197530864,0.5802469136,
AZ_F1_203_g,14,10,8,40,58,0.3103448276,0.6896551724,
AZ_F1_203_g,15,35,0,47,82,0.4268292683,0.5731707317,
AZ_F1_203_g,16,87,10,0,97,1,0,
,,,,,,0.4889650341,0.5110349659,
,,,,,,0.1609718697,0.1609718697,
LN_F1_202_d,1,81,4,36,121,0.7024793388,0.2975206612,
LN_F1_202_d,2,120,0,0,120,1,0,
LN_F1_202_d,3,63,0,47,110,0.5727272727,0.4272727273,
LN_F1_202_d,4,23,9,61,93,0.3440860215,0.6559139785,
LN_F1_202_d,5,53,0,49,102,0.5196078431,0.4803921569,
LN_F1_202_d,6,46,0,51,97,0.4742268041,0.5257731959,
LN_F1_202_d,7,63,0,46,109,0.5779816514,0.4220183486,
LN_F1_202_d,8,33,15,36,84,0.5714285714,0.4285714286,
LN_F1_202_d,9,19,4,62,85,0.2705882353,0.7294117647,
LN_F1_202_d,10,7,10,71,88,0.1931818182,0.8068181818,
LN_F1_202_d,11,33,10,41,84,0.5119047619,0.4880952381,
LN_F1_202_d,12,32,0,56,88,0.3636363636,0.6363636364,
LN_F1_202_d,13,40,0,60,100,0.4,0.6,
,,,,,,0.5001422063,0.4998577937,
,,,,,,0.2058178539,0.2058178539,
LS_105_c(M2) ,1,27,3,13,43,0.6976744186,0.3023255814,
LS_105_c(M2),2,23,0,21,44,0.5227272727,0.4772727273,
LS_105_c(M2),3,21,3,19,43,0.5581395349,0.4418604651,
LS_105_c(M2),4,20,0,17,37,0.5405405405,0.4594594595,
LS_105_c(M2),5,15,3,20,38,0.4736842105,0.5263157895,
LS_105_c(M2),6,6,8,35,49,0.2857142857,0.7142857143,
LS_105_c(M2),7,20,0,19,39,0.5128205128,0.4871794872,
LS_105_c(M2),8,11,3,20,34,0.4117647059,0.5882352941,
LS_105_c(M2),9,16,0,12,28,0.5714285714,0.4285714286,
LS_105_c(M2),10,13,4,20,37,0.4594594595,0.5405405405,
LS_105_c(M2),11,13,2,14,29,0.5172413793,0.4827586207,
LS_105_c(M2),12,7,2,27,36,0.25,0.75,
LS_105_c(M2),13,11,5,21,37,0.4324324324,0.5675675676,
LS_105_c(M2),14,7,5,20,32,0.375,0.625,
LS_105_c(M2),15,32,0,10,42,0.7619047619,0.2380952381,
LS_105_c(M2),16,32,0,5,37,0.8648648649,0.1351351351,
,,,,,,0.5147123094,0.4852876906,
,,,,,,0.1606583591,0.1606583591,
ME_F1_203_a,1,15,7,47,69,0.3188405797,0.6811594203,
ME_F1_203_a,2,10,2,53,65,0.1846153846,0.8153846154,
ME_F1_203_a,3,44,0,68,112,0.3928571429,0.6071428571,
ME_F1_203_a,4,31,0,49,80,0.3875,0.6125,
ME_F1_203_a,5,28,0,49,77,0.3636363636,0.6363636364,
ME_F1_203_a,6,64,0,37,101,0.6336633663,0.3663366337,
ME_F1_203_a,7,41,0,42,83,0.4939759036,0.5060240964,
ME_F1_203_a,8,56,0,55,111,0.5045045045,0.4954954955,
ME_F1_203_a,9,83,0,20,103,0.8058252427,0.1941747573,
ME_F1_203_a,10,91,11,19,121,0.8429752066,0.1570247934,
ME_F1_203_a,11,81,0,0,81,1,0,
ME_F1_203_a,12,38,0,43,81,0.4691358025,0.5308641975,
ME_F1_203_a,13,38,0,33,71,0.5352112676,0.4647887324,
,,,,,,0.5332877511,0.4667122489,
,,,,,,0.2312805091,0.2312805091,
ML_F1_208_d,1,65,0,5,70,0.9285714286,0.07142857143,
ML_F1_208_d,2,6,2,36,44,0.1818181818,0.8181818182,
ML_F1_208_d,3,6,3,44,53,0.1698113208,0.8301886792,
ML_F1_208_d,4,21,1,32,54,0.4074074074,0.5925925926,
ML_F1_208_d,5,53,0,0,53,1,0,
ML_F1_208_d,6,54,0,6,60,0.9,0.1,
ML_F1_208_d,7,59,0,0,59,1,0,
ML_F1_208_d,8,66,0,0,66,1,0,
ML_F1_208_d,9,5,3,38,46,0.1739130435,0.8260869565,
ML_F1_208_d,10,3,0,45,48,0.0625,0.9375,
ML_F1_208_d,11,5,0,44,49,0.1020408163,0.8979591837,
ML_F1_208_d,12,56,0,11,67,0.8358208955,0.1641791045,
ML_F1_208_d,13,54,0,0,54,1,0,
ML_F1_208_d,14,50,0,0,50,1,0,
ML_F1_208_d,15,48,0,4,52,0.9230769231,0.07692307692,
ML_F1_208_d,16,60,0,11,71,0.8450704225,0.1549295775,
,,,,,,0.6581269025,0.3418730975,
,,,,,,0.3898203888,0.3898203888,
Mus_44d,1,,,,0,,,
Mus_44d,2,29,0,26,55,0.5272727273,0.4727272727,
Mus_44d,3,,,,0,,,
Mus_44d,4,22,10,40,72,0.4444444444,0.5555555556,
Mus_44d,5,25,5,28,58,0.5172413793,0.4827586207,
Mus_44d,6,,,,0,,,
Mus_44d,7,,,,0,,,
Mus_44d,8,45,0,27,72,0.625,0.375,
Mus_44d,9,20,10,33,63,0.4761904762,0.5238095238,
Mus_44d,10,4,8,48,60,0.2,0.8,
Mus_44d,11,36,0,27,63,0.5714285714,0.4285714286,
Mus_44d,12,10,0,47,57,0.1754385965,0.8245614035,
Mus_44d,13,,,,0,,,
,,,,,,0.4421270244,0.5578729756,
,,,,,,0.1664620399,0.1664620399,
PO_20,1,39,3,61,103,0.4077669903,0.5922330097,
PO_20,2,48,0,44,92,0.5217391304,0.4782608696,
PO_20,3,60,0,33,93,0.6451612903,0.3548387097,
PO_20,4,46,0,31,77,0.5974025974,0.4025974026,
PO_20,5,30,0,77,107,0.2803738318,0.7196261682,
PO_20,6,77,0,17,94,0.8191489362,0.1808510638,
PO_20,7,36,0,54,90,0.4,0.6,
PO_20,8,39,0,45,84,0.4642857143,0.5357142857,
PO_20,9,53,0,45,98,0.5408163265,0.4591836735,
PO_20,10,56,0,27,83,0.6746987952,0.3253012048,
PO_20,11,84,0,15,99,0.8484848485,0.1515151515,
PO_20,12,78,0,22,100,0.78,0.22,
PO_20,13,20,0,48,68,0.2941176471,0.7058823529,
PO_20,14,7,0,61,68,0.1029411765,0.8970588235,
,,,,,,0.5269240917,0.4730759083,
,,,,,,0.2188831232,0.2188831232,
AZ_F1_203_a,1,52,0,47,99,0.5252525253,0.4747474747,
AZ_F1_203_a,2,23,0,59,82,0.2804878049,0.7195121951,
AZ_F1_203_a,3,81,0,0,81,1,0,
AZ_F1_203_a,4,22,18,51,91,0.4395604396,0.5604395604,
AZ_F1_203_a,5,49,0,38,87,0.5632183908,0.4367816092,
AZ_F1_203_a,6,16,16,45,77,0.4155844156,0.5844155844,
AZ_F1_203_a,7,9,5,63,77,0.1818181818,0.8181818182,
AZ_F1_203_a,8,46,0,39,85,0.5411764706,0.4588235294,
AZ_F1_203_a,9,51,0,34,85,0.6,0.4,
AZ_F1_203_a,10,27,4,25,56,0.5535714286,0.4464285714,
AZ_F1_203_a,11,6,13,62,81,0.2345679012,0.7654320988,
AZ_F1_203_a,12,7,8,53,68,0.2205882353,0.7794117647,
AZ_F1_203_a,13,29,8,39,76,0.4868421053,0.5131578947,
AZ_F1_203_a,14,24,0,47,71,0.338028169,0.661971831,
AZ_F1_203_a,15,1,16,37,54,0.3148148148,0.6851851852,
AZ_F1_203_a,16,8,0,36,44,0.1818181818,0.8181818182,
,,,,,,0.4298330665,0.5701669335,
,,,,,,0.2099358382,0.2099358382,
LN_F1_114_a,1,97,1,15,113,0.8672566372,0.1327433628,
LN_F1_114_a,2,68,0,29,97,0.7010309278,0.2989690722,
LN_F1_114_a,3,36,0,34,70,0.5142857143,0.4857142857,
LN_F1_114_a,4,58,0,12,70,0.8285714286,0.1714285714,
LN_F1_114_a,5,31,0,38,69,0.4492753623,0.5507246377,
LN_F1_114_a,6,14,0,81,95,0.1473684211,0.8526315789,
LN_F1_114_a,7,50,0,40,90,0.5555555556,0.4444444444,
LN_F1_114_a,8,16,0,107,123,0.1300813008,0.8699186992,
LN_F1_114_a,9,82,22,54,158,0.6582278481,0.3417721519,
LN_F1_114_a,10,1,19,94,114,0.1754385965,0.8245614035,
LN_F1_114_a,11,66,11,52,129,0.5968992248,0.4031007752,
LN_F1_114_a,12,17,0,114,131,0.1297709924,0.8702290076,
LN_F1_114_a,13,16,0,104,120,0.1333333333,0.8666666667,
LN_F1_114_a,14,125,0,4,129,0.9689922481,0.03100775194,
,,,,,,0.4897205422,0.5102794578,
,,,,,,0.3012865217,0.3012865217,
ME_F1_106_d,1,26,0,46,72,0.3611111111,0.6388888889,
ME_F1_106_d,2,30,0,23,53,0.5660377358,0.4339622642,
ME_F1_106_d,3,69,0,25,94,0.7340425532,0.2659574468,
ME_F1_106_d,4,9,0,70,79,0.1139240506,0.8860759494,
ME_F1_106_d,5,22,0,65,87,0.2528735632,0.7471264368,
ME_F1_106_d,6,15,0,70,85,0.1764705882,0.8235294118,
ME_F1_106_d,7,74,2,35,111,0.6846846847,0.3153153153,
ME_F1_106_d,8,93,0,9,102,0.9117647059,0.08823529412,
,,,,,,0.4751136241,0.5248863759,
,,,,,,0.2907940777,0.2907940777,
ML_F1_208_i,1,10,12,57,79,0.2784810127,0.7215189873,
ML_F1_208_i,2,11,11,55,77,0.2857142857,0.7142857143,
ML_F1_208_i,3,7,19,43,69,0.3768115942,0.6231884058,
ML_F1_208_i,4,4,4,62,70,0.1142857143,0.8857142857,
ML_F1_208_i,5,50,0,22,72,0.6944444444,0.3055555556,
ML_F1_208_i,6,57,0,13,70,0.8142857143,0.1857142857,
ML_F1_208_i,7,36,11,33,80,0.5875,0.4125,
ML_F1_208_i,8,48,11,30,89,0.6629213483,0.3370786517,
ML_F1_208_i,9,22,12,35,69,0.4927536232,0.5072463768,
ML_F1_208_i,10,15,9,40,64,0.375,0.625,
ML_F1_208_i,11,30,0,38,68,0.4411764706,0.5588235294,
ML_F1_208_i,12,7,8,50,65,0.2307692308,0.7692307692,
ML_F1_208_i,13,9,8,43,60,0.2833333333,0.7166666667,
ML_F1_208_i,14,24,16,40,80,0.5,0.5,
ML_F1_208_i,15,47,17,28,92,0.6956521739,0.3043478261,
ML_F1_208_i,16,31,0,47,78,0.3974358974,0.6025641026,
,,,,,,0.4519103027,0.5480896973,
,,,,,,0.1966533878,0.1966533878,
Mus_31a,1,39,0,39,78,0.5,0.5,
Mus_31a,2,16,7,39,62,0.3709677419,0.6290322581,
Mus_31a,3,25,0,41,66,0.3787878788,0.6212121212,
Mus_31a,4,43,11,30,84,0.6428571429,0.3571428571,
Mus_31a,5,8,0,47,55,0.1454545455,0.8545454545,
Mus_31a,6,77,0,21,98,0.7857142857,0.2142857143,
Mus_31a,7,25,2,38,65,0.4153846154,0.5846153846,
Mus_31a,8,0,7,52,59,0.1186440678,0.8813559322,
Mus_31a,9,15,6,46,67,0.3134328358,0.6865671642,
Mus_31a,10,4,0,41,45,0.08888888889,0.9111111111,
Mus_31a,11,4,2,42,48,0.125,0.875,
Mus_31a,12,5,0,44,49,0.1020408163,0.8979591837,
Mus_31a,13,2,3,43,48,0.1041666667,0.8958333333,
,,,,,,0.314718422,0.685281578,
,,,,,,0.2281989043,0.2281989043,
PO_16,1,59,0,58,117,0.5042735043,0.4957264957,
PO_16,2,5,30,51,86,0.4069767442,0.5930232558,
PO_16,3,50,0,40,90,0.5555555556,0.4444444444,
PO_16,4,0,70,48,118,0.593220339,0.406779661,
PO_16,6,65,0,29,94,0.6914893617,0.3085106383,
PO_16,7,40,0,42,82,0.487804878,0.512195122,
PO_16,8,11,25,33,69,0.5217391304,0.4782608696,
PO_16,9,0,68,24,92,0.7391304348,0.2608695652,
PO_16,10,1,27,56,84,0.3333333333,0.6666666667,
,,,,,,0.5370581424,0.4629418576,
,,,,,,0.127641547,0.127641547,
AZ_F1_7_b,1,48,4,0,52,1,0,
AZ_F1_7_b,2,6,5,36,47,0.2340425532,0.7659574468,
AZ_F1_7_b,3,46,0,21,67,0.6865671642,0.3134328358,
AZ_F1_7_b,4,48,22,12,82,0.8536585366,0.1463414634,
AZ_F1_7_b,5,15,11,42,68,0.3823529412,0.6176470588,
AZ_F1_7_b,6,39,4,29,72,0.5972222222,0.4027777778,
AZ_F1_7_b,7,33,12,33,78,0.5769230769,0.4230769231,
AZ_F1_7_b,8,83,0,0,83,1,0,
AZ_F1_7_b,9,80,0,0,80,1,0,
AZ_F1_7_b,10,51,0,32,83,0.6144578313,0.3855421687,
AZ_F1_7_b,11,33,0,36,69,0.4782608696,0.5217391304,
AZ_F1_7_b,12,18,0,38,56,0.3214285714,0.6785714286,
AZ_F1_7_b,13,63,8,1,72,0.9861111111,0.01388888889,
AZ_F1_7_b,14,3,5,55,63,0.126984127,0.873015873,
,,,,,,0.6327149289,0.3672850711,
,,,,,,0.3018080697,0.3018080697,
LN_F1_201_n,1,34,20,13,67,0.8059701493,0.1940298507,
LN_F1_201_n,2,65,0,37,102,0.637254902,0.362745098,
LN_F1_201_n,3,74,0,29,103,0.7184466019,0.2815533981,
LN_F1_201_n,4,114,0,0,114,1,0,
LN_F1_201_n,5,44,0,29,73,0.602739726,0.397260274,
LN_F1_201_n,6,30,0,35,65,0.4615384615,0.5384615385,
LN_F1_201_n,7,7,7,45,59,0.2372881356,0.7627118644,
LN_F1_201_n,8,1,0,54,55,0.01818181818,0.9818181818,
LN_F1_201_n,9,46,12,49,107,0.5420560748,0.4579439252,
LN_F1_201_n,10,97,0,0,97,1,0,
LN_F1_201_n,11,33,1,44,78,0.4358974359,0.5641025641,
LN_F1_201_n,12,33,0,49,82,0.4024390244,0.5975609756,
LN_F1_201_n,13,46,0,53,99,0.4646464646,0.5353535354,
LN_F1_201_n,14,24,8,49,81,0.3950617284,0.6049382716,
LN_F1_201_n,15,28,2,46,76,0.3947368421,0.6052631579,
LN_F1_201_n,16,78,0,10,88,0.8863636364,0.1136363636,
LN_F1_201_n,17,64,1,0,65,1,0,
LN_F1_201_n,18,2,6,71,79,0.1012658228,0.8987341772,
LN_F1_201_n,19,15,0,58,73,0.2054794521,0.7945205479,
LN_F1_201_n,20,9,0,78,87,0.1034482759,0.8965517241,
,,,,,,0.5206407276,0.4793592724,
,,,,,,0.3082937304,0.3082937304,
LS_F1_202_v,1,24,7,30,61,0.5081967213,0.4918032787,
LS_F1_202_v,2,15,11,46,72,0.3611111111,0.6388888889,
LS_F1_202_v,3,23,7,37,67,0.447761194,0.552238806,
LS_F1_202_v,4,35,36,30,101,0.702970297,0.297029703,
LS_F1_202_v,5,41,0,34,75,0.5466666667,0.4533333333,
LS_F1_202_v,6,30,25,31,86,0.6395348837,0.3604651163,
LS_F1_202_v,7,18,28,39,85,0.5411764706,0.4588235294,
LS_F1_202_v,8,19,12,50,81,0.3827160494,0.6172839506,
LS_F1_202_v,9,,,,0,,,
LS_F1_202_v,10,,,,0,,,
LS_F1_202_v,11,15,21,42,78,0.4615384615,0.5384615385,
LS_F1_202_v,12,,,,0,,,
LS_F1_202_v,13,10,13,40,63,0.3650793651,0.6349206349,
LS_F1_202_v,14,34,13,26,73,0.6438356164,0.3561643836,
LS_F1_202_v,15,,,,0,,,
LS_F1_202_v,16,23,5,33,61,0.4590163934,0.5409836066,
,,,,,,0.5049669359,0.4950330641,
,,,,,,0.113673014,0.113673014,
ME_F1_104_ac,1,19,2,47,68,0.3088235294,0.6911764706,
ME_F1_104_ac,2,33,0,25,58,0.5689655172,0.4310344828,
ME_F1_104_ac,3,60,0,13,73,0.8219178082,0.1780821918,
ME_F1_104_ac,4,42,0,30,72,0.5833333333,0.4166666667,
ME_F1_104_ac,5,60,0,11,71,0.8450704225,0.1549295775,
ME_F1_104_ac,6,63,0,13,76,0.8289473684,0.1710526316,
ME_F1_104_ac,7,37,0,12,49,0.7551020408,0.2448979592,
ME_F1_104_ac,8,31,0,13,44,0.7045454545,0.2954545455,
ME_F1_104_ac,9,77,0,2,79,0.9746835443,0.0253164557,
ME_F1_104_ac,10,45,0,32,77,0.5844155844,0.4155844156,
ME_F1_104_ac,11,64,0,20,84,0.7619047619,0.2380952381,
ME_F1_104_ac,12,51,0,15,66,0.7727272727,0.2272727273,
ME_F1_104_ac,13,34,0,39,73,0.4657534247,0.5342465753,
ME_F1_104_ac,14,67,0,17,84,0.7976190476,0.2023809524,
ME_F1_104_ac,15,22,0,44,66,0.3333333333,0.6666666667,
ME_F1_104_ac,16,84,0,39,123,0.6829268293,0.3170731707,
,,,,,,0.6743793295,0.3256206705,
,,,,,,0.1872538943,0.1872538943,
ML_F1_205_a,1,62,0,52,114,0.5438596491,0.4561403509,
ML_F1_205_a,2,51,0,41,92,0.5543478261,0.4456521739,
ML_F1_205_a,3,21,0,31,52,0.4038461538,0.5961538462,
ML_F1_205_a,4,38,0,42,80,0.475,0.525,
ML_F1_205_a,5,39,12,36,87,0.5862068966,0.4137931034,
ML_F1_205_a,6,69,0,2,71,0.9718309859,0.02816901408,
ML_F1_205_a,7,,,,0,,,
ML_F1_205_a,8,,,,0,,,
ML_F1_205_a,9a.,,,,0,,,
ML_F1_205_a,9b.,,,,0,,,
ML_F1_205_a,10,,,,0,,,
ML_F1_205_a,11a.,17,0,34,51,0.3333333333,0.6666666667,
ML_F1_205_a,11b.,,,,0,,,
ML_F1_205_a,12,59,0,0,59,1,0,
ML_F1_205_a,13a.,7,3,24,34,0.2941176471,0.7058823529,
ML_F1_205_a,13b.,,,,0,,,
ML_F1_205_a,14,,,,0,,,
ML_F1_205_a,15,9,0,43,52,0.1730769231,0.8269230769,
ML_F1_205_a,16a.,11,0,33,44,0.25,0.75,
ML_F1_205_a,16b.,,,,0,,,
,,,,,,0.5077835832,0.4922164168,
,,,,,,0.270865579,0.270865579,
Mus_31n,1,42,0,19,61,0.6885245902,0.3114754098,
Mus_31n,2,45,0,24,69,0.652173913,0.347826087,
Mus_31n,3,4,21,37,62,0.4032258065,0.5967741935,
Mus_31n,4,10,3,48,61,0.2131147541,0.7868852459,
Mus_31n,5,37,0,17,54,0.6851851852,0.3148148148,
Mus_31n,6,6,0,39,45,0.1333333333,0.8666666667,
Mus_31n,7,9,0,49,58,0.1551724138,0.8448275862,
Mus_31n,8,19,0,41,60,0.3166666667,0.6833333333,
Mus_31n,9,34,0,22,56,0.6071428571,0.3928571429,
Mus_31n,10,23,0,20,43,0.5348837209,0.4651162791,
Mus_31n,11,19,0,48,67,0.2835820896,0.7164179104,
Mus_31n,12,15,0,31,46,0.3260869565,0.6739130435,
Mus_31n,13,35,0,13,48,0.7291666667,0.2708333333,
Mus_31n,14,7,0,40,47,0.1489361702,0.8510638298,
Mus_31n,15,31,0,20,51,0.6078431373,0.3921568627,
Mus_31n,16,36,1,13,50,0.74,0.26,
Mus_31n,17,26,0,20,46,0.5652173913,0.4347826087,
,,,,,,0.4582503325,0.5417496675,
,,,,,,0.2209377656,0.2209377656,
PO_006,1,24,0,44,68,0.3529411765,0.6470588235,
PO_006,2,74,0,0,74,1,0,
PO_006,3,25,0,53,78,0.3205128205,0.6794871795,
PO_006,4,67,0,23,90,0.7444444444,0.2555555556,
PO_006,5,78,0,27,105,0.7428571429,0.2571428571,
PO_006,6,29,0,57,86,0.3372093023,0.6627906977,
PO_006,7,1,0,74,75,0.01333333333,0.9866666667,
PO_006,8,8,8,49,65,0.2461538462,0.7538461538,
PO_006,9,,,,0,,,
PO_006,10,32,0,28,60,0.5333333333,0.4666666667,
PO_006,11,31,0,41,72,0.4305555556,0.5694444444,
PO_006,12,43,0,37,80,0.5375,0.4625,
PO_006,13,42,0,20,62,0.6774193548,0.3225806452,
PO_006,14,81,0,19,100,0.81,0.19,
PO_006,15,47,0,30,77,0.6103896104,0.3896103896,
PO_006,16,67,0,29,96,0.6979166667,0.3020833333,
,,,,,,0.5369711058,0.4630288942,
,,,,,,0.2558081314,0.2558081314,
AZ_F1_3_f,1,72,0,31,103,0.6990291262,0.3009708738,
AZ_F1_3_f,2,89,0,8,97,0.9175257732,0.0824742268,
AZ_F1_3_f,3,32,0,67,99,0.3232323232,0.6767676768,
AZ_F1_3_f,4,27,0,65,92,0.2934782609,0.7065217391,
AZ_F1_3_f,5,50,0,59,109,0.4587155963,0.5412844037,
AZ_F1_3_f,6,22,0,54,76,0.2894736842,0.7105263158,
AZ_F1_3_f,7,44,0,44,88,0.5,0.5,
AZ_F1_3_f,8,79,0,24,103,0.7669902913,0.2330097087,
AZ_F1_3_f,9,20,0,85,105,0.1904761905,0.8095238095,
AZ_F1_3_f,10,12,29,65,106,0.3867924528,0.6132075472,
AZ_F1_3_f,11,19,29,61,109,0.4403669725,0.5596330275,
AZ_F1_3_f,12,14,0,85,99,0.1414141414,0.8585858586,
AZ_F1_3_f,13,6,0,61,67,0.08955223881,0.9104477612,
AZ_F1_3_f,14,109,0,0,109,1,0,
,,,,,,0.4640747894,0.5359252106,
,,,,,,0.28369912,0.28369912,
LN_F1_114_c,1,26,6,34,66,0.4848484848,0.5151515152,
LN_F1_114_c,2,29,0,28,57,0.5087719298,0.4912280702,
LN_F1_114_c,3,23,0,24,47,0.4893617021,0.5106382979,
LN_F1_114_c,4,19,0,38,57,0.3333333333,0.6666666667,
LN_F1_114_c,5,89,0,13,102,0.8725490196,0.1274509804,
LN_F1_114_c,6,47,0,22,69,0.6811594203,0.3188405797,
LN_F1_114_c,7,29,12,18,59,0.6949152542,0.3050847458,
LN_F1_114_c,8,13,14,37,64,0.421875,0.578125,
LN_F1_114_c,9,41,5,16,62,0.7419354839,0.2580645161,
LN_F1_114_c,10,18,0,40,58,0.3103448276,0.6896551724,
LN_F1_114_c,11,16,0,41,57,0.2807017544,0.7192982456,
LN_F1_114_c,12,39,0,30,69,0.5652173913,0.4347826087,
LN_F1_114_c,13,62,0,22,84,0.7380952381,0.2619047619,
LN_F1_114_c,14,39,0,42,81,0.4814814815,0.5185185185,
LN_F1_114_c,15,10,0,42,52,0.1923076923,0.8076923077,
,,,,,,0.5197932009,0.4802067991,
,,,,,,0.195773486,0.195773486,
LS_F1_207_c,1,19,0,56,75,0.2533333333,0.7466666667,
LS_F1_207_c,2,17,0,53,70,0.2428571429,0.7571428571,
LS_F1_207_c,3,15,0,36,51,0.2941176471,0.7058823529,
LS_F1_207_c,4,85,0,9,94,0.9042553191,0.09574468085,
LS_F1_207_c,5,77,0,48,125,0.616,0.384,
LS_F1_207_c,6,102,0,7,109,0.9357798165,0.06422018349,
LS_F1_207_c,7,57,0,49,106,0.5377358491,0.4622641509,
LS_F1_207_c,8,34,0,49,83,0.4096385542,0.5903614458,
LS_F1_207_c,9,18,6,48,72,0.3333333333,0.6666666667,
LS_F1_207_c,10,52,0,53,105,0.4952380952,0.5047619048,
LS_F1_207_c,11,1,22,64,87,0.2643678161,0.7356321839,
LS_F1_207_c,12,49,0,47,96,0.5104166667,0.4895833333,
LS_F1_207_c,13,44,0,55,99,0.4444444444,0.5555555556,
LS_F1_207_c,14,27,0,61,88,0.3068181818,0.6931818182,
,,,,,,0.4677383,0.5322617,
,,,,,,0.2244637563,0.2244637563,
ME_F1_201_a,1,36,0,43,79,0.4556962025,0.5443037975,
ME_F1_201_a,2,36,0,50,86,0.4186046512,0.5813953488,
ME_F1_201_a,3,59,0,28,87,0.6781609195,0.3218390805,
ME_F1_201_a,4,20,0,34,54,0.3703703704,0.6296296296,
ME_F1_201_a,5,54,0,31,85,0.6352941176,0.3647058824,
ME_F1_201_a,6,48,0,40,88,0.5454545455,0.4545454545,
ME_F1_201_a,7,59,0,33,92,0.6413043478,0.3586956522,
ME_F1_201_a,8,16,14,49,79,0.3797468354,0.6202531646,
ME_F1_201_a,9,34,0,54,88,0.3863636364,0.6136363636,
ME_F1_201_a,10,67,0,33,100,0.67,0.33,
ME_F1_201_a,11,30,0,50,80,0.375,0.625,
ME_F1_201_a,12,21,0,35,56,0.375,0.625,
ME_F1_201_a,13,19,11,55,85,0.3529411765,0.6470588235,
ME_F1_201_a,14,18,0,40,58,0.3103448276,0.6896551724,
ME_F1_201_a,15,16,0,40,56,0.2857142857,0.7142857143,
ME_F1_201_a,16,57,0,13,70,0.8142857143,0.1857142857,
,,,,,,0.4808926019,0.5191073981,
,,,,,,0.1594663057,0.1594663057,
ML_F1_5_d,1,12,0,42,54,0.2222222222,0.7777777778,
ML_F1_5_d,2,70,0,16,86,0.8139534884,0.1860465116,
ML_F1_5_d,3,12,7,34,53,0.358490566,0.641509434,
ML_F1_5_d,4,41,0,24,65,0.6307692308,0.3692307692,
ML_F1_5_d,5,66,0,6,72,0.9166666667,0.08333333333,
ML_F1_5_d,6,52,0,25,77,0.6753246753,0.3246753247,
ML_F1_5_d,7,30,7,24,61,0.606557377,0.393442623,
ML_F1_5_d,8,27,9,21,57,0.6315789474,0.3684210526,
ML_F1_5_d,9,11,6,32,49,0.3469387755,0.6530612245,
ML_F1_5_d,10,37,0,29,66,0.5606060606,0.4393939394,
ML_F1_5_d,11,41,0,27,68,0.6029411765,0.3970588235,
ML_F1_5_d,12,9,8,36,53,0.320754717,0.679245283,
ML_F1_5_d,13,5,11,38,54,0.2962962963,0.7037037037,
ML_F1_5_d,14,10,1,34,45,0.2444444444,0.7555555556,
ML_F1_5_d,15,7,1,33,41,0.1951219512,0.8048780488,
ML_F1_5_d,16,0,4,30,34,0.1176470588,0.8823529412,
,,,,,,0.4712696034,0.5287303966,
,,,,,,0.2378287902,0.2378287902,
Mus_34b,1,6,8,53,67,0.2089552239,0.7910447761,
Mus_34b,2,23,14,33,70,0.5285714286,0.4714285714,
Mus_34b,3,40,11,28,79,0.6455696203,0.3544303797,
Mus_34b,4,93,0,2,95,0.9789473684,0.02105263158,
Mus_34b,5,29,11,36,76,0.5263157895,0.4736842105,
Mus_34b,6,10,8,33,51,0.3529411765,0.6470588235,
Mus_34b,7,13,5,38,56,0.3214285714,0.6785714286,
Mus_34b,8,9,17,33,59,0.4406779661,0.5593220339,
Mus_34b,9,26,20,16,62,0.7419354839,0.2580645161,
Mus_34b,10,7,6,55,68,0.1911764706,0.8088235294,
Mus_34b,11,44,16,10,70,0.8571428571,0.1428571429,
Mus_34b,12,35,0,40,75,0.4666666667,0.5333333333,
,,,,,,0.5216940519,0.4783059481,
,,,,,,0.2469356672,0.2469356672,
PO_13,1,58,0,38,96,0.6041666667,0.3958333333,
PO_13,2,44,0,46,90,0.4888888889,0.5111111111,
PO_13,3,72,0,26,98,0.7346938776,0.2653061224,
PO_13,4,65,0,28,93,0.6989247312,0.3010752688,
PO_13,5,51,0,34,85,0.6,0.4,
PO_13,6,22,22,34,78,0.5641025641,0.4358974359,
PO_13,7,68,0,24,92,0.7391304348,0.2608695652,
PO_13,8,37,0,50,87,0.4252873563,0.5747126437,
PO_13,9,21,0,39,60,0.35,0.65,
PO_13,10,29,8,34,71,0.5211267606,0.4788732394,
PO_13,11,61,0,26,87,0.7011494253,0.2988505747,
PO_13,12,41,0,11,52,0.7884615385,0.2115384615,
,,,,,,0.601327687,0.398672313,
,,,,,,0.1368179904,0.1368179904,
AZ_F1_201_b,1,53,0,27,80,0.6625,0.3375,
AZ_F1_201_b,2,66,0,43,109,0.6055045872,0.3944954128,
AZ_F1_201_b,3,52,0,43,95,0.5473684211,0.4526315789,
AZ_F1_201_b,4,73,0,38,111,0.6576576577,0.3423423423,
AZ_F1_201_b,5,70,0,39,109,0.6422018349,0.3577981651,
AZ_F1_201_b,6,59,0,42,101,0.5841584158,0.4158415842,
AZ_F1_201_b,7,70,0,38,108,0.6481481481,0.3518518519,
AZ_F1_201_b,8,77,0,26,103,0.7475728155,0.2524271845,
AZ_F1_201_b,9,61,0,40,101,0.603960396,0.396039604,
AZ_F1_201_b,10,35,0,58,93,0.376344086,0.623655914,
AZ_F1_201_b,11,56,0,40,96,0.5833333333,0.4166666667,
,,,,,,0.6053408814,0.3946591186,
,,,,,,0.09282274775,0.09282274775,
LN_F1_114_i,1,76,0,43,119,0.6386554622,0.3613445378,
LN_F1_114_i,2,71,0,41,112,0.6339285714,0.3660714286,
LN_F1_114_i,3,58,0,55,113,0.5132743363,0.4867256637,
LN_F1_114_i,4,11,0,56,67,0.1641791045,0.8358208955,
LN_F1_114_i,5,35,0,64,99,0.3535353535,0.6464646465,
LN_F1_114_i,6,13,8,73,94,0.2234042553,0.7765957447,
LN_F1_114_i,7,13,13,54,80,0.325,0.675,
LN_F1_114_i,8,72,0,43,115,0.6260869565,0.3739130435,
LN_F1_114_i,9,38,0,72,110,0.3454545455,0.6545454545,
LN_F1_114_i,10,14,3,71,88,0.1931818182,0.8068181818,
LN_F1_114_i,11,74,0,43,117,0.6324786325,0.3675213675,
LN_F1_114_i,12,0,2,65,67,0.02985074627,0.9701492537,
,,,,,,0.3899191485,0.6100808515,
,,,,,,0.2144322689,0.2144322689,
LS_F1_208_b,1,7,0,50,57,0.1228070175,0.8771929825,
LS_F1_208_b,2,7,0,49,56,0.125,0.875,
LS_F1_208_b,3,5,14,37,56,0.3392857143,0.6607142857,
LS_F1_208_b,4,11,13,33,57,0.4210526316,0.5789473684,
LS_F1_208_b,5,9,11,43,63,0.3174603175,0.6825396825,
LS_F1_208_b,6,13,0,46,59,0.2203389831,0.7796610169,
LS_F1_208_b,7,11,0,54,65,0.1692307692,0.8307692308,
LS_F1_208_b,8,8,0,64,72,0.1111111111,0.8888888889,
LS_F1_208_b,9,4,21,55,80,0.3125,0.6875,
LS_F1_208_b,10,18,15,43,76,0.4342105263,0.5657894737,
LS_F1_208_b,11,56,18,44,118,0.6271186441,0.3728813559,
LS_F1_208_b,12,8,4,56,68,0.1764705882,0.8235294118,
LS_F1_208_b,13,8,11,37,56,0.3392857143,0.6607142857,
LS_F1_208_b,14,51,42,30,123,0.756097561,0.243902439,
LS_F1_208_b,15,131,5,0,136,1,0,
LS_F1_208_b,16,35,21,41,97,0.5773195876,0.4226804124,
,,,,,,0.3780805729,0.6219194271,
,,,,,,0.2525884578,0.2525884578,
ME_F1_203_b,1,57,0,21,78,0.7307692308,0.2692307692,
ME_F1_203_b,2,41,0,24,65,0.6307692308,0.3692307692,
ME_F1_203_b,3,70,0,2,72,0.9722222222,0.02777777778,
ME_F1_203_b,4,66,0,6,72,0.9166666667,0.08333333333,
ME_F1_203_b,5,15,58,21,94,0.7765957447,0.2234042553,
ME_F1_203_b,6,45,0,34,79,0.5696202532,0.4303797468,
ME_F1_203_b,7,47,0,51,98,0.4795918367,0.5204081633,
ME_F1_203_b,8,63,0,19,82,0.7682926829,0.2317073171,
ME_F1_203_b,9,63,11,1,75,0.9866666667,0.01333333333,
ME_F1_203_b,10,45,12,15,72,0.7916666667,0.2083333333,
ME_F1_203_b,11,25,21,32,78,0.5897435897,0.4102564103,
ME_F1_203_b,12,,,,0,,,Unable to decipher glycolytic cells 
ME_F1_203_b,13,27,11,34,72,0.5277777778,0.4722222222,
ME_F1_203_b,14,65,0,23,88,0.7386363636,0.2613636364,
ME_F1_203_b,15,30,17,34,81,0.5802469136,0.4197530864,
ME_F1_203_b,16,55,0,46,101,0.5445544554,0.4554455446,
,,,,,,0.7069213534,0.2930786466,
,,,,,,0.1635704958,0.1635704958,
ML_F1_1_b,1,51,0,9,60,0.85,0.15,"Cells difficult to decipher, lacking distinct outlining of cells. "
ML_F1_1_b,2,,,,0,,,Glycolytic cells difficult to decipher 
ML_F1_1_b,3,,,,0,,,"Cells difficult to decipher, lacking distinct outlining of cells."
ML_F1_1_b,4,42,0,21,63,0.6666666667,0.3333333333,
,,,,,,0.7583333333,0.2416666667,
,,,,,,0.1296362432,0.1296362432,
Mus_41m,1,36,0,58,94,0.3829787234,0.6170212766,
Mus_41m,2,19,9,39,67,0.4179104478,0.5820895522,
Mus_41m,3,20,16,19,55,0.6545454545,0.3454545455,
Mus_41m,4,,,,0,,,Unable to decipher glycolytic cells.
Mus_41m,5,,,,0,,,Unable to decipher glycolytic cells.
Mus_41m,6,,,,0,,,Unable to decipher glycolytic cells.
Mus_41m,7,51,0,28,79,0.6455696203,0.3544303797,
Mus_41m,8,39,0,54,93,0.4193548387,0.5806451613,
Mus_41m,9,53,0,36,89,0.595505618,0.404494382,
Mus_41m,10,48,0,36,84,0.5714285714,0.4285714286,
Mus_41m,11,,,,0,,,Unable to decipher glycolytic cells.
Mus_41m,12,24,29,26,79,0.6708860759,0.3291139241,
Mus_41m,13,32,16,33,81,0.5925925926,0.4074074074,
Mus_41m,14,50,0,31,81,0.6172839506,0.3827160494,
Mus_41m,15,47,0,43,90,0.5222222222,0.4777777778,
Mus_41m,16,32,9,37,78,0.5256410256,0.4743589744,
Mus_41m,17,,,,0,,,Unable to decipher glycolytic cells.
,,,,,,0.5513265951,0.4486734049,
,,,,,,0.09876681112,0.09876681112,
PO_14,1,46,0,27,73,0.6301369863,0.3698630137,
PO_14,2,39,0,22,61,0.6393442623,0.3606557377,
PO_14,3,60,0,23,83,0.7228915663,0.2771084337,
PO_14,4,57,0,4,61,0.9344262295,0.06557377049,
PO_14,5,62,0,17,79,0.7848101266,0.2151898734,
PO_14,6,52,8,26,86,0.6976744186,0.3023255814,
PO_14,7,49,0,47,96,0.5104166667,0.4895833333,
PO_14,8,34,10,37,81,0.5432098765,0.4567901235,
PO_14,9,60,8,18,86,0.7906976744,0.2093023256,
PO_14,10,81,0,0,81,1,0,
PO_14,11,59,0,28,87,0.6781609195,0.3218390805,
PO_14,12,59,8,9,76,0.8815789474,0.1184210526,
PO_14,13,45,10,15,70,0.7857142857,0.2142857143,
PO_14,14,40,14,35,89,0.606741573,0.393258427,
PO_14,15,81,0,12,93,0.8709677419,0.1290322581,
PO_14,16,37,3,57,97,0.412371134,0.587628866,
,,,,,,0.7180714005,0.2819285995,
,,,,,,0.1604609848,0.1604609848,
AZ_F1_3_b,1,5,17,30,52,0.4230769231,0.5769230769,
AZ_F1_3_b,2,12,22,43,77,0.4415584416,0.5584415584,
AZ_F1_3_b,3,14,22,36,72,0.5,0.5,
AZ_F1_3_b,4,4,19,44,67,0.3432835821,0.6567164179,
AZ_F1_3_b,5,16,19,33,68,0.5147058824,0.4852941176,
AZ_F1_3_b,6,16,10,61,87,0.2988505747,0.7011494253,
AZ_F1_3_b,7,28,7,58,93,0.376344086,0.623655914,
AZ_F1_3_b,8,67,0,14,81,0.8271604938,0.1728395062,
AZ_F1_3_b,9,56,0,36,92,0.6086956522,0.3913043478,
AZ_F1_3_b,10,80,0,3,83,0.9638554217,0.03614457831,
AZ_F1_3_b,11,81,1,0,82,1,0,
AZ_F1_3_b,12,57,0,26,83,0.686746988,0.313253012,
AZ_F1_3_b,13,19,0,61,80,0.2375,0.7625,
AZ_F1_3_b,14,10,10,48,68,0.2941176471,0.7058823529,
,,,,,,0.5368496923,0.4631503077,
,,,,,,0.2482289529,0.2482289529,
LN_F1_121_p,1,63,0,37,100,0.63,0.37,
LN_F1_121_p,2,58,0,31,89,0.6516853933,0.3483146067,
LN_F1_121_p,3,46,32,0,78,1,0,
LN_F1_121_p,4,8,8,40,56,0.2857142857,0.7142857143,Glycolytic cells difficult to decipher.
LN_F1_121_p,5,62,0,20,82,0.756097561,0.243902439,
LN_F1_121_p,6,27,0,21,48,0.5625,0.4375,
LN_F1_121_p,7,59,0,25,84,0.7023809524,0.2976190476,
LN_F1_121_p,8,23,20,20,63,0.6825396825,0.3174603175,
LN_F1_121_p,9,,,,0,,,Unable to decipher glycolytic cells. 
LN_F1_121_p,10,,,,0,,,Unable to decipher glycolytic cells. 
LN_F1_121_p,11,,,,0,,,Unable to decipher glycolytic cells. 
LN_F1_121_p,12,,,,0,,,Unable to decipher glycolytic cells. 
LN_F1_121_p,13,12,2,22,36,0.3888888889,0.6111111111,
LN_F1_121_p,14,6,0,31,37,0.1621621622,0.8378378378,
LN_F1_121_p,15,50,0,2,52,0.9615384615,0.03846153846,
LN_F1_121_p,16,57,0,0,57,1,0,
,,,,,,0.6486256156,0.3513743844,
,,,,,,0.2703567969,0.2703567969,
LS_F1_208_f,1,25,0,82,107,0.2336448598,0.7663551402,
LS_F1_208_f,2,22,0,75,97,0.2268041237,0.7731958763,
LS_F1_208_f,3,26,0,71,97,0.2680412371,0.7319587629,
LS_F1_208_f,4,10,0,92,102,0.09803921569,0.9019607843,
LS_F1_208_f,5,109,0,35,144,0.7569444444,0.2430555556,"Cells difficult to decipher, lacking outlining of cells."
LS_F1_208_f,6,31,33,53,117,0.547008547,0.452991453,
LS_F1_208_f,7,21,24,49,94,0.4787234043,0.5212765957,
LS_F1_208_f,8,11,14,68,93,0.2688172043,0.7311827957,
LS_F1_208_f,9,11,14,60,85,0.2941176471,0.7058823529,
LS_F1_208_f,10,67,3,44,114,0.6140350877,0.3859649123,
LS_F1_208_f,11,51,27,42,120,0.65,0.35,
LS_F1_208_f,12,108,0,19,127,0.8503937008,0.1496062992,
LS_F1_208_f,13,34,20,44,98,0.5510204082,0.4489795918,
LS_F1_208_f,14,15,13,48,76,0.3684210526,0.6315789474,
LS_F1_208_f,15,9,7,74,90,0.1777777778,0.8222222222,
LS_F1_208_f,16,17,0,76,93,0.1827956989,0.8172043011,
,,,,,,0.4104115256,0.5895884744,
,,,,,,0.2279909971,0.2279909971,
ME_203_E-2(M),1,37,0,32,69,0.5362318841,0.4637681159,
ME_203_E-2(M),2,51,0,10,61,0.8360655738,0.1639344262,
ME_203_E-2(M),3,49,0,17,66,0.7424242424,0.2575757576,
ME_203_E-2(M),4,23,0,35,58,0.3965517241,0.6034482759,
ME_203_E-2(M),5,28,0,31,59,0.4745762712,0.5254237288,
ME_203_E-2(M),6,72,0,0,72,1,0,
ME_203_E-2(M),7,45,0,17,62,0.7258064516,0.2741935484,
ME_203_E-2(M),8,65,0,2,67,0.9701492537,0.02985074627,
ME_203_E-2(M),9,49,0,19,68,0.7205882353,0.2794117647,
ME_203_E-2(M),10,51,0,21,72,0.7083333333,0.2916666667,
ME_203_E-2(M),11,65,0,0,65,1,0,
ME_203_E-2(M),12,95,0,0,95,1,0,
ME_203_E-2(M),13,41,0,25,66,0.6212121212,0.3787878788,
ME_203_E-2(M),14,31,15,34,80,0.575,0.425,
ME_203_E-2(M),15,52,12,19,83,0.7710843373,0.2289156627,
ME_203_E-2(M),16,84,0,10,94,0.8936170213,0.1063829787,
,,,,,,0.7482275281,0.2517724719,
,,,,,,0.1934475003,0.1934475003,
ML_F1_201_c,1,64,0,0,64,1,0,
ML_F1_201_c,2,68,1,0,69,1,0,
ML_F1_201_c,3,70,0,0,70,1,0,
ML_F1_201_c,4,2,0,49,51,0.03921568627,0.9607843137,Glycolytic cells difficult to decipher. 
ML_F1_201_c,5,3,0,42,45,0.06666666667,0.9333333333,Glycolytic cells difficult to decipher. 
ML_F1_201_c,6,39,0,30,69,0.5652173913,0.4347826087,
ML_F1_201_c,7,63,0,7,70,0.9,0.1,Cells difficult to make out. 
ML_F1_201_c,8,2,0,42,44,0.04545454545,0.9545454545,Glycolytic cells difficult to decipher. 
ML_F1_201_c,9,,,,0,,,Could not decipher glycolytic cells. 
ML_F1_201_c,10,46,0,33,79,0.582278481,0.417721519,
ML_F1_201_c,11,24,0,34,58,0.4137931034,0.5862068966,
ML_F1_201_c,12,13,0,38,51,0.2549019608,0.7450980392,
ML_F1_201_c,13,12,0,35,47,0.2553191489,0.7446808511,
ML_F1_201_c,14,2,7,42,51,0.1764705882,0.8235294118,
ML_F1_201_c,15,3,2,36,41,0.1219512195,0.8780487805,
ML_F1_201_c,16,2,0,53,55,0.03636363636,0.9636363636,
,,,,,,0.4305088285,0.5694911715,
,,,,,,0.3822138033,0.3822138033,
Mus_43a,1,19,10,36,65,0.4461538462,0.5538461538,
Mus_43a,2,18,0,36,54,0.3333333333,0.6666666667,
Mus_43a,3,53,14,20,87,0.7701149425,0.2298850575,
Mus_43a,4,41,0,32,73,0.5616438356,0.4383561644,
Mus_43a,5,14,0,50,64,0.21875,0.78125,
Mus_43a,6,3,0,56,59,0.05084745763,0.9491525424,
Mus_43a,7,68,6,26,100,0.74,0.26,
Mus_43a,8,29,18,38,85,0.5529411765,0.4470588235,
Mus_43a,9,16,7,54,77,0.2987012987,0.7012987013,
Mus_43a,10,21,0,52,73,0.2876712329,0.7123287671,
Mus_43a,11,11,8,50,69,0.2753623188,0.7246376812,
Mus_43a,12,31,6,44,81,0.4567901235,0.5432098765,
Mus_43a,13,9,5,33,47,0.2978723404,0.7021276596,
Mus_43a,14,12,0,47,59,0.2033898305,0.7966101695,
Mus_43a,15,7,0,49,56,0.125,0.875,
Mus_43a,16,,,,0,,,Could not decipher glycolytic cells. 
,,,,,,0.3745714491,0.6254285509,
,,,,,,0.2104567794,0.2104567794,
PO_043,1,66,0,18,84,0.7857142857,0.2142857143,
PO_043,2,67,0,24,91,0.7362637363,0.2637362637,
PO_043,3,,,,0,,,Unable to decipher glycolytic cells. 
PO_043,4,,,,0,,,Unable to decipher glycolytic cells. 
PO_043,5,49,0,39,88,0.5568181818,0.4431818182,
PO_043,6,61,0,46,107,0.5700934579,0.4299065421,
PO_043,7,39,0,48,87,0.4482758621,0.5517241379,"Glycolytic cells difficult to decipher, lacking outlining of cells. "
PO_043,8,27,0,51,78,0.3461538462,0.6538461538,"Glycolytic cells difficult to decipher, lacking outlining of cells. "
PO_043,9,45,0,46,91,0.4945054945,0.5054945055,"Glycolytic cells difficult to decipher, lacking outlining of cells. "
PO_043,10,94,0,0,94,1,0,
PO_043,11,42,0,53,95,0.4421052632,0.5578947368,
,,,,,,0.5977700142,0.4022299858,
,,,,,,0.2059398697,0.2059398697,
AZ_F1_202_b,1,47,0,26,73,0.6438356164,0.3561643836,
AZ_F1_202_b,2,25,12,18,55,0.6727272727,0.3272727273,
AZ_F1_202_b,3,,,,0,,,Could not decipher glycolytic cells. 
AZ_F1_202_b,4,29,12,30,71,0.5774647887,0.4225352113,
AZ_F1_202_b,5,57,0,0,57,1,0,
AZ_F1_202_b,6,29,7,30,66,0.5454545455,0.4545454545,
AZ_F1_202_b,7,31,20,13,64,0.796875,0.203125,
AZ_F1_202_b,8,,,,0,,,Could not decipher glycolytic cells. 
AZ_F1_202_b,9,,,,0,,,Could not decipher glycolytic cells. 
AZ_F1_202_b,10,29,0,18,47,0.6170212766,0.3829787234,
AZ_F1_202_b,11,31,0,38,69,0.4492753623,0.5507246377,
AZ_F1_202_b,12,59,0,1,60,0.9833333333,0.01666666667,
AZ_F1_202_b,13,32,0,40,72,0.4444444444,0.5555555556,
AZ_F1_202_b,14,,,,0,,,Could not decipher glycolytic cells. 
AZ_F1_202_b,15,30,0,27,57,0.5263157895,0.4736842105,
AZ_F1_202_b,16,21,0,26,47,0.4468085106,0.5531914894,"Glycolytic cells difficult to decipher, lacks outlining. "
AZ_F1_202_b,17,,,,0,,,Could not decipher glycolytic cells. 
,,,,,,0.641962995,0.358037005,
,,,,,,0.1933836321,0.1933836321,
LN_F1_202_f,1,77,0,5,82,0.9390243902,0.06097560976,
LN_F1_202_f,2,39,0,40,79,0.4936708861,0.5063291139,
LN_F1_202_f,3,,,,0,,,Could not decipher glycolytic cells. 
LN_F1_202_f,4,50,0,35,85,0.5882352941,0.4117647059,
LN_F1_202_f,5,48,0,16,64,0.75,0.25,
LN_F1_202_f,6,23,0,37,60,0.3833333333,0.6166666667,Glycolytic cells difficult to decipher.
LN_F1_202_f,7,,,,0,,,Could not decipher glycolytic cells. 
LN_F1_202_f,8,,,,0,,,Could not decipher cells. 
LN_F1_202_f,9,53,0,34,87,0.6091954023,0.3908045977,
LN_F1_202_f,10,52,0,41,93,0.5591397849,0.4408602151,
LN_F1_202_f,11,46,0,26,72,0.6388888889,0.3611111111,
LN_F1_202_f,12,13,0,33,46,0.2826086957,0.7173913043,
LN_F1_202_f,13,17,0,34,51,0.3333333333,0.6666666667,
LN_F1_202_f,14,71,0,22,93,0.7634408602,0.2365591398,
LN_F1_202_f,15,62,0,24,86,0.7209302326,0.2790697674,
LN_F1_202_f,16,11,0,31,42,0.2619047619,0.7380952381,
,,,,,,0.5633619895,0.4366380105,
,,,,,,0.2059805889,0.2059805889,
ME_F1_204_c,1,26,0,38,64,0.40625,0.59375,
ME_F1_204_c,2,52,0,24,76,0.6842105263,0.3157894737,
ME_F1_204_c,3,40,0,20,60,0.6666666667,0.3333333333,
ME_F1_204_c,4,46,0,16,62,0.7419354839,0.2580645161,
ME_F1_204_c,5,68,0,22,90,0.7555555556,0.2444444444,
ME_F1_204_c,6,55,0,31,86,0.6395348837,0.3604651163,
ME_F1_204_c,7,47,0,36,83,0.5662650602,0.4337349398,
ME_F1_204_c,8,55,0,27,82,0.6707317073,0.3292682927,
ME_F1_204_c,9,22,1,23,46,0.5,0.5,
ME_F1_204_c,10,18,0,31,49,0.3673469388,0.6326530612,
ME_F1_204_c,11,8,0,31,39,0.2051282051,0.7948717949,
ME_F1_204_c,12,27,0,75,102,0.2647058824,0.7352941176,
ME_F1_204_c,13,30,0,52,82,0.3658536585,0.6341463415,
ME_F1_204_c,14,114,0,0,114,1,0,
ME_F1_204_c,15,102,0,40,142,0.7183098592,0.2816901408,
ME_F1_204_c,16,5,0,65,70,0.07142857143,0.9285714286,
,,,,,,0.5389951874,0.4610048126,
,,,,,,0.2425227933,0.2425227933,
ML_F1_201_d,1,97,0,0,97,1,0,
ML_F1_201_d,2,45,0,21,66,0.6818181818,0.3181818182,
ML_F1_201_d,3,71,0,0,71,1,0,
ML_F1_201_d,4,39,0,18,57,0.6842105263,0.3157894737,
ML_F1_201_d,5,23,0,28,51,0.4509803922,0.5490196078,
ML_F1_201_d,6,20,4,41,65,0.3692307692,0.6307692308,
,,,,,,0.6977066449,0.3022933551,
,,,,,,0.2653176882,0.2653176882,
Mus_44c,1,51,0,54,105,0.4857142857,0.5142857143,
Mus_44c,2,10,4,76,90,0.1555555556,0.8444444444,
Mus_44c,3,4,10,80,94,0.1489361702,0.8510638298,
Mus_44c,4,13,0,61,74,0.1756756757,0.8243243243,
Mus_44c,5,24,3,46,73,0.3698630137,0.6301369863,
Mus_44c,6,69,0,19,88,0.7840909091,0.2159090909,
Mus_44c,7,79,0,1,80,0.9875,0.0125,
Mus_44c,8,16,12,35,63,0.4444444444,0.5555555556,
Mus_44c,9,32,0,25,57,0.5614035088,0.4385964912,
Mus_44c,10,24,20,13,57,0.7719298246,0.2280701754,
Mus_44c,11,3,6,55,64,0.140625,0.859375,
Mus_44c,12,16,0,39,55,0.2909090909,0.7090909091,
Mus_44c,13,9,3,37,49,0.2448979592,0.7551020408,
Mus_44c,14,45,0,67,112,0.4017857143,0.5982142857,Lacks distinct outlining of cells. 
Mus_44c,15,3,6,68,77,0.1168831169,0.8831168831,
,,,,,,0.4053476179,0.5946523821,
,,,,,,0.2703655261,0.2703655261,
PO_46,1,1,0,72,73,0.01369863014,0.9863013699,
PO_46,2,0,30,64,94,0.3191489362,0.6808510638,
PO_46,3,0,11,64,75,0.1466666667,0.8533333333,
PO_46,4,0,0,124,124,0,1,
PO_46,5,0,0,95,95,0,1,
PO_46,6,0,30,75,105,0.2857142857,0.7142857143,
PO_46,7,0,25,63,88,0.2840909091,0.7159090909,
PO_46,8,0,31,50,81,0.3827160494,0.6172839506,
PO_46,9,0,14,77,91,0.1538461538,0.8461538462,
PO_46,10,0,0,85,85,0,1,
PO_46,11,0,10,75,85,0.1176470588,0.8823529412,
,,,,,,0.1548662445,0.8451337555,
,,,,,,0.1435468767,0.1435468767,
AZ_F1_202_d,1,20,0,37,57,0.350877193,0.649122807,
AZ_F1_202_d,2,41,0,40,81,0.5061728395,0.4938271605,
AZ_F1_202_d,3,,,,0,,,Cannot decipher glycolytic cells. 
AZ_F1_202_d,4,42,0,39,81,0.5185185185,0.4814814815,
AZ_F1_202_d,5,73,0,25,98,0.7448979592,0.2551020408,
AZ_F1_202_d,6,81,0,9,90,0.9,0.1,
AZ_F1_202_d,7,76,0,1,77,0.987012987,0.01298701299,
AZ_F1_202_d,8,54,0,31,85,0.6352941176,0.3647058824,
AZ_F1_202_d,9,,,,0,,,Could not decipher cells. 
AZ_F1_202_d,10,,,,0,,,Could not decipher glycolytic cells. 
AZ_F1_202_d,11,58,0,23,81,0.7160493827,0.2839506173,
AZ_F1_202_d,12,67,0,11,78,0.858974359,0.141025641,
AZ_F1_202_d,13,48,0,15,63,0.7619047619,0.2380952381,
AZ_F1_202_d,14,57,0,32,89,0.6404494382,0.3595505618,
AZ_F1_202_d,15,25,0,25,50,0.5,0.5,Difficult to decipher cells. 
AZ_F1_202_d,16,25,0,26,51,0.4901960784,0.5098039216,Difficult to decipher cells. 
,,,,,,0.6623344335,0.3376655665,
,,,,,,0.1869612067,0.1869612067,
LN_F1_201_c,1,21,0,56,77,0.2727272727,0.7272727273,Glycolytic cells difficult to decipher. 
LN_F1_201_c,2,41,0,42,83,0.4939759036,0.5060240964,
LN_F1_201_c,3,77,0,8,85,0.9058823529,0.09411764706,
LN_F1_201_c,4,55,0,40,95,0.5789473684,0.4210526316,
LN_F1_201_c,5,56,0,36,92,0.6086956522,0.3913043478,
LN_F1_201_c,6,102,0,0,102,1,0,
LN_F1_201_c,7,90,0,43,133,0.6766917293,0.3233082707,
LN_F1_201_c,8,117,0,12,129,0.9069767442,0.09302325581,
LN_F1_201_c,9,26,0,68,94,0.2765957447,0.7234042553,Glycolytic cells difficult to decipher. 
LN_F1_201_c,10,38,0,60,98,0.387755102,0.612244898,Glycolytic cells difficult to decipher. 
LN_F1_201_c,11,73,0,38,111,0.6576576577,0.3423423423,
LN_F1_201_c,12,66,0,26,92,0.7173913043,0.2826086957,
LN_F1_201_c,13,32,0,38,70,0.4571428571,0.5428571429,
LN_F1_201_c,14,32,0,39,71,0.4507042254,0.5492957746,
LN_F1_201_c,15,42,0,58,100,0.42,0.58,
LN_F1_201_c,16,19,0,59,78,0.2435897436,0.7564102564,Difficult to decipher glycolytic cells. 
,,,,,,0.5659208536,0.4340791464,
,,,,,,0.2342127972,0.2342127972,
LS_F1_202_h,1,34,0,41,75,0.4533333333,0.5466666667,Difficult to decipher glycolytic cells. 
LS_F1_202_h,2,48,0,34,82,0.5853658537,0.4146341463,
LS_F1_202_h,3,52,0,39,91,0.5714285714,0.4285714286,
LS_F1_202_h,4,42,0,38,80,0.525,0.475,
LS_F1_202_h,5,,,,0,,,Could not decipher glycolytic cells. 
LS_F1_202_h,6,58,0,37,95,0.6105263158,0.3894736842,
LS_F1_202_h,7,64,0,21,85,0.7529411765,0.2470588235,
LS_F1_202_h,8,25,0,15,40,0.625,0.375,
LS_F1_202_h,9,46,0,40,86,0.5348837209,0.4651162791,
LS_F1_202_h,10,,,,0,,,Could not decipher glycolytic cells. 
LS_F1_202_h,11,,,,0,,,Could not decipher glycolytic cells. 
LS_F1_202_h,12,12,0,37,49,0.2448979592,0.7551020408,Difficult to decipher glycolytic cells. 
LS_F1_202_h,13,,,,0,,,Could not decipher glycolytic cells. 
LS_F1_202_h,14,,,,0,,,Could not decipher glycolytic cells. 
LS_F1_202_h,15,13,0,30,43,0.3023255814,0.6976744186,
,,,,,,0.5205702512,0.4794297488,
,,,,,,0.1520782698,0.1520782698,
ML_F1_208_c,1,47,0,44,91,0.5164835165,0.4835164835,
ML_F1_208_c,2,31,0,35,66,0.4696969697,0.5303030303,
ML_F1_208_c,3,28,0,43,71,0.3943661972,0.6056338028,
ML_F1_208_c,4,54,0,28,82,0.6585365854,0.3414634146,
ML_F1_208_c,5,56,0,32,88,0.6363636364,0.3636363636,
ML_F1_208_c,6,44,0,25,69,0.6376811594,0.3623188406,
ML_F1_208_c,7,35,0,43,78,0.4487179487,0.5512820513,
ML_F1_208_c,8,15,0,51,66,0.2272727273,0.7727272727,
ML_F1_208_c,9,24,0,38,62,0.3870967742,0.6129032258,
ML_F1_208_c,10,1,0,54,55,0.01818181818,0.9818181818,
ML_F1_208_c,11,4,0,50,54,0.07407407407,0.9259259259,
ML_F1_208_c,12,29,0,41,70,0.4142857143,0.5857142857,
ML_F1_208_c,13,35,0,41,76,0.4605263158,0.5394736842,
ML_F1_208_c,14,39,0,29,68,0.5735294118,0.4264705882,
ML_F1_208_c,15,41,0,34,75,0.5466666667,0.4533333333,
ML_F1_208_c,16,42,0,28,70,0.6,0.4,
ML_F1_208_c,17,44,0,27,71,0.6197183099,0.3802816901,
ML_F1_208_c,18,27,0,46,73,0.3698630137,0.6301369863,
,,,,,,0.4473922688,0.5526077312,
,,,,,,0.1857090593,0.1857090593,
Mus_43d,1,6,0,52,58,0.1034482759,0.8965517241,
Mus_43d,2,50,0,20,70,0.7142857143,0.2857142857,
Mus_43d,3,13,0,43,56,0.2321428571,0.7678571429,
Mus_43d,4,15,0,36,51,0.2941176471,0.7058823529,
Mus_43d,5,55,0,3,58,0.9482758621,0.05172413793,
Mus_43d,6,37,0,17,54,0.6851851852,0.3148148148,
Mus_43d,7,4,0,34,38,0.1052631579,0.8947368421,
Mus_43d,8,22,0,22,44,0.5,0.5,
Mus_43d,9,22,0,45,67,0.328358209,0.671641791,
Mus_43d,10,0,19,48,67,0.2835820896,0.7164179104,
Mus_43d,11,43,0,26,69,0.6231884058,0.3768115942,
Mus_43d,12,18,0,21,39,0.4615384615,0.5384615385,
Mus_43d,13,,,,0,,,Could not decipher glycolytic cells. 
Mus_43d,14,,,,0,,,Could not decipher glycolytic cells. 
Mus_43d,15,39,0,24,63,0.619047619,0.380952381,
Mus_43d,16,11,0,39,50,0.22,0.78,
,,,,,,0.4370309632,0.5629690368,
,,,,,,0.2539506064,0.2539506064,
PO_045,'16,43,0,45,88,0.4886363636,0.5113636364,
PO_045,1,78,0,13,91,0.8571428571,0.1428571429,
PO_045,2,91,0,0,91,1,0,
PO_045,3,104,0,0,104,1,0,
PO_045,4,108,0,0,108,1,0,
PO_045,5,85,0,18,103,0.8252427184,0.1747572816,
PO_045,6,73,0,16,89,0.8202247191,0.1797752809,
PO_045,7,50,0,33,83,0.6024096386,0.3975903614,
PO_045,8,76,0,36,112,0.6785714286,0.3214285714,
PO_045,9,95,0,0,95,1,0,
PO_045,10,66,0,1,67,0.9850746269,0.01492537313,
PO_045,11,49,0,12,61,0.8032786885,0.1967213115,
PO_045,12,67,0,16,83,0.8072289157,0.1927710843,
PO_045,13,89,0,15,104,0.8557692308,0.1442307692,
PO_045,14,77,0,20,97,0.793814433,0.206185567,
PO_045,15,67,0,33,100,0.67,0.33,
,,,,,,0.8242121013,0.1757878987,
,,,,,,0.1549258279,0.1549258279,
AZ_F1_203_e,1,22,0,24,46,0.4782608696,0.5217391304,
AZ_F1_203_e,2,36,0,21,57,0.6315789474,0.3684210526,
AZ_F1_203_e,3,33,0,34,67,0.4925373134,0.5074626866,
AZ_F1_203_e,4,55,0,42,97,0.5670103093,0.4329896907,
AZ_F1_203_e,5,32,0,25,57,0.5614035088,0.4385964912,
AZ_F1_203_e,6,19,0,28,47,0.4042553191,0.5957446809,
AZ_F1_203_e,7,49,0,38,87,0.5632183908,0.4367816092,
AZ_F1_203_e,8,35,0,43,78,0.4487179487,0.5512820513,
AZ_F1_203_e,9,23,0,37,60,0.3833333333,0.6166666667,
AZ_F1_203_e,10,16,0,40,56,0.2857142857,0.7142857143,
AZ_F1_203_e,11,5,22,38,65,0.4153846154,0.5846153846,
AZ_F1_203_e,12,33,0,34,67,0.4925373134,0.5074626866,Glycolytic cells difficult to decipher. 
AZ_F1_203_e,13,43,0,34,77,0.5584415584,0.4415584416,
AZ_F1_203_e,14,24,0,36,60,0.4,0.6,
AZ_F1_203_e,15,8,8,34,50,0.32,0.68,Cells difficult to decipher. 
AZ_F1_203_e,16,14,0,52,66,0.2121212121,0.7878787879,Glycolytic cells difficul to decipher. 
,,,,,,0.4509071828,0.5490928172,
,,,,,,0.115113973,0.115113973,
LN_F1_202_l,1,23,0,37,60,0.3833333333,0.6166666667,
LN_F1_202_l,2,42,0,21,63,0.6666666667,0.3333333333,
LN_F1_202_l,3,27,0,23,50,0.54,0.46,
LN_F1_202_l,4,18,0,34,52,0.3461538462,0.6538461538,
LN_F1_202_l,5,30,0,47,77,0.3896103896,0.6103896104,
LN_F1_202_l,6,28,0,10,38,0.7368421053,0.2631578947,
LN_F1_202_l,7,33,0,12,45,0.7333333333,0.2666666667,
LN_F1_202_l,8,18,0,53,71,0.2535211268,0.7464788732,
LN_F1_202_l,9,23,0,57,80,0.2875,0.7125,
LN_F1_202_l,10,33,0,32,65,0.5076923077,0.4923076923,
LN_F1_202_l,11,59,0,8,67,0.8805970149,0.1194029851,
LN_F1_202_l,12,31,0,35,66,0.4696969697,0.5303030303,
LN_F1_202_l,13,25,0,63,88,0.2840909091,0.7159090909,
LN_F1_202_l,14,22,0,48,70,0.3142857143,0.6857142857,
LN_F1_202_l,15,29,0,44,73,0.397260274,0.602739726,
LN_F1_202_l,16,62,0,29,91,0.6813186813,0.3186813187,
,,,,,,0.491993917,0.508006083,
,,,,,,0.1940162413,0.1940162413,
Mus_44a,1,15,0,26,41,0.3658536585,0.6341463415,
Mus_44a,2,3,0,33,36,0.08333333333,0.9166666667,
Mus_44a,3,4,0,38,42,0.09523809524,0.9047619048,
Mus_44a,4,10,0,31,41,0.243902439,0.756097561,
Mus_44a,5,20,0,25,45,0.4444444444,0.5555555556,
Mus_44a,6,5,0,40,45,0.1111111111,0.8888888889,
Mus_44a,7,10,0,32,42,0.2380952381,0.7619047619,
Mus_44a,8,12,0,28,40,0.3,0.7,
Mus_44a,9,20,0,17,37,0.5405405405,0.4594594595,
Mus_44a,10,16,5,21,42,0.5,0.5,
Mus_44a,11,10,0,25,35,0.2857142857,0.7142857143,
Mus_44a,12,8,0,28,36,0.2222222222,0.7777777778,
Mus_44a,13,12,0,54,66,0.1818181818,0.8181818182,
Mus_44a,14,6,16,43,65,0.3384615385,0.6615384615,
Mus_44a,15,2,0,51,53,0.03773584906,0.9622641509,
Mus_44a,16,8,0,59,67,0.1194029851,0.8805970149,
,,,,,,0.2567421202,0.7432578798,
,,,,,,0.152260356,0.152260356,
PO_027,1,25,0,64,89,0.2808988764,0.7191011236,
PO_027,2,43,0,31,74,0.5810810811,0.4189189189,
PO_027,3,56,21,0,77,1,0,
PO_027,4,39,0,38,77,0.5064935065,0.4935064935,
PO_027,5,28,0,44,72,0.3888888889,0.6111111111,
PO_027,6,22,0,48,70,0.3142857143,0.6857142857,Glycolytic cells difficult to decipher. 
PO_027,7,31,0,43,74,0.4189189189,0.5810810811,
PO_027,8,37,0,47,84,0.4404761905,0.5595238095,
PO_027,9,29,0,50,79,0.3670886076,0.6329113924,
PO_027,10,33,0,50,83,0.3975903614,0.6024096386,
PO_027,11,35,0,50,85,0.4117647059,0.5882352941,
PO_027,12,17,0,65,82,0.2073170732,0.7926829268,Glycolytic cells difficult to decipher. 
PO_027,13,30,0,43,73,0.4109589041,0.5890410959,
PO_027,14,70,0,14,84,0.8333333333,0.1666666667,
PO_027,15,78,0,16,94,0.829787234,0.170212766,
PO_027,16,59,0,25,84,0.7023809524,0.2976190476,
,,,,,,0.5057040218,0.4942959782,
,,,,,,0.2238173018,0.2238173018,
AZ_F1_7_a,1,0,0,80,80,0,1,
AZ_F1_7_a,2,0,8,75,83,0.09638554217,0.9036144578,
AZ_F1_7_a,3,0,0,87,87,0,1,
AZ_F1_7_a,4,0,0,93,93,0,1,
AZ_F1_7_a,5,0,1,91,92,0.01086956522,0.9891304348,
AZ_F1_7_a,6,0,12,83,95,0.1263157895,0.8736842105,
AZ_F1_7_a,7,0,2,90,92,0.02173913043,0.9782608696,
AZ_F1_7_a,8,0,5,93,98,0.05102040816,0.9489795918,
AZ_F1_7_a,9,0,8,78,86,0.09302325581,0.9069767442,
AZ_F1_7_a,10,0,0,84,84,0,1,
AZ_F1_7_a,11,0,1,93,94,0.01063829787,0.9893617021,
AZ_F1_7_a,12,0,2,85,87,0.02298850575,0.9770114943,
AZ_F1_7_a,13,0,0,61,61,0,1,
AZ_F1_7_a,14,0,1,67,68,0.01470588235,0.9852941176,
,,,,,,0.03197759837,0.9680224016,
,,,,,,0.04263888565,0.04263888565,
LN_F1_201_k,1,14,0,32,46,0.3043478261,0.6956521739,
LN_F1_201_k,2,16,0,22,38,0.4210526316,0.5789473684,
LN_F1_201_k,3,17,0,23,40,0.425,0.575,
LN_F1_201_k,4,29,2,20,51,0.6078431373,0.3921568627,
LN_F1_201_k,5,25,0,33,58,0.4310344828,0.5689655172,
LN_F1_201_k,6,45,0,25,70,0.6428571429,0.3571428571,
LN_F1_201_k,7,70,4,0,74,1,0,
LN_F1_201_k,8,8,0,54,62,0.1290322581,0.8709677419,
LN_F1_201_k,9,4,1,52,57,0.08771929825,0.9122807018,
LN_F1_201_k,10,43,0,52,95,0.4526315789,0.5473684211,
LN_F1_201_k,11,25,0,35,60,0.4166666667,0.5833333333,
LN_F1_201_k,12,12,0,49,61,0.1967213115,0.8032786885,
LN_F1_201_k,13,21,0,55,76,0.2763157895,0.7236842105,
LN_F1_201_k,14,11,0,47,58,0.1896551724,0.8103448276,
LN_F1_201_k,15,0,20,53,73,0.2739726027,0.7260273973,
LN_F1_201_k,16,6,0,65,71,0.08450704225,0.9154929577,
,,,,,,0.3712098088,0.6287901912,
,,,,,,0.2380996055,0.2380996055,
Mus_44e,1,,,,0,,,Unable to decipher glycolytic cells. 
Mus_44e,2,,,,0,,,Unable to decipher glycolytic cells. 
Mus_44e,3,,,,0,,,Unable to decipher glycolytic cells. 
Mus_44e,4,29,19,37,85,0.5647058824,0.4352941176,Difficult to decipher glycolytic cells. 
Mus_44e,5,,,,0,,,Unable to decipher glycolytic cells. 
Mus_44e,6,11,0,54,65,0.1692307692,0.8307692308,Difficult to decipher glycolytic cells. 
Mus_44e,7,,,,0,,,Unable to decipher glycolytic cells. 
Mus_44e,8,23,0,46,69,0.3333333333,0.6666666667,Difficult to decipher glycolytic cells. 
Mus_44e,9,26,13,39,78,0.5,0.5,
Mus_44e,10,12,19,33,64,0.484375,0.515625,Difficult to decipher glycolytic cells. 
Mus_44e,11,9,8,42,59,0.2881355932,0.7118644068,
Mus_44e,12,22,13,39,74,0.472972973,0.527027027,
Mus_44e,13,10,9,40,59,0.3220338983,0.6779661017,Difficult to decipher glycolytic cells. 
,,,,,,0.3918484312,0.6081515688,
,,,,,,0.1338079003,0.1338079003,
PO_051,1,28,6,37,71,0.4788732394,0.5211267606,
PO_051,2,48,0,39,87,0.5517241379,0.4482758621,Difficult to decipher glycolytic cells. 
PO_051,3,27,0,39,66,0.4090909091,0.5909090909,
PO_051,4,76,0,11,87,0.8735632184,0.1264367816,
PO_051,5,99,0,16,115,0.8608695652,0.1391304348,
PO_051,6,103,0,9,112,0.9196428571,0.08035714286,
PO_051,7,78,0,28,106,0.7358490566,0.2641509434,
PO_051,8,71,0,35,106,0.6698113208,0.3301886792,
PO_051,9,101,0,8,109,0.9266055046,0.07339449541,
PO_051,10,88,0,19,107,0.8224299065,0.1775700935,
PO_051,11,121,0,9,130,0.9307692308,0.06923076923,
PO_051,12,97,0,4,101,0.9603960396,0.0396039604,
PO_051,13,86,0,0,86,1,0,
,,,,,,0.7799711528,0.2200288472,
,,,,,,0.194981461,0.194981461,
AZ_F1_203_f,1,27,0,40,67,0.4029850746,0.5970149254,
AZ_F1_203_f,2,22,0,39,61,0.3606557377,0.6393442623,
AZ_F1_203_f,3,19,0,42,61,0.3114754098,0.6885245902,
AZ_F1_203_f,4,29,0,40,69,0.4202898551,0.5797101449,
AZ_F1_203_f,5,22,0,36,58,0.3793103448,0.6206896552,
AZ_F1_203_f,6,21,0,55,76,0.2763157895,0.7236842105,
AZ_F1_203_f,7,22,0,69,91,0.2417582418,0.7582417582,
AZ_F1_203_f,8,25,0,53,78,0.3205128205,0.6794871795,
AZ_F1_203_f,9,10,0,73,83,0.1204819277,0.8795180723,
,,,,,,0.3148650224,0.6851349776,
,,,,,,0.09339991132,0.09339991132,
LN_F1_201_l,1,20,3,56,79,0.2911392405,0.7088607595,
LN_F1_201_l,2,53,0,26,79,0.6708860759,0.3291139241,
LN_F1_201_l,3,15,11,39,65,0.4,0.6,
LN_F1_201_l,4,11,0,54,65,0.1692307692,0.8307692308,
LN_F1_201_l,5,16,0,39,55,0.2909090909,0.7090909091,
LN_F1_201_l,6,12,9,26,47,0.4468085106,0.5531914894,
LN_F1_201_l,7,59,0,31,90,0.6555555556,0.3444444444,
LN_F1_201_l,8,47,0,43,90,0.5222222222,0.4777777778,
LN_F1_201_l,9,19,0,42,61,0.3114754098,0.6885245902,Difficult to decipher glycolytic cells. 
LN_F1_201_l,10,7,4,37,48,0.2291666667,0.7708333333,
LN_F1_201_l,11,8,0,50,58,0.1379310345,0.8620689655,Difficult to decipher glycolytic cells. 
LN_F1_201_l,12,,,,0,,,Could not decipher glycolytic cells. 
LN_F1_201_l,13,,,,0,,,Could not decipher glycolytic cells. 
LN_F1_201_l,14,,,,0,,,Could not decipher glycolytic cells. 
,,,,,,0.3750295069,0.6249704931,
,,,,,,0.1821167588,0.1821167588,
Mus_44m,1,94,0,17,111,0.8468468468,0.1531531532,
Mus_44m,2,85,0,5,90,0.9444444444,0.05555555556,
Mus_44m,3,60,0,16,76,0.7894736842,0.2105263158,
Mus_44m,4,48,0,23,71,0.676056338,0.323943662,
Mus_44m,5,27,0,37,64,0.421875,0.578125,
Mus_44m,6,24,0,38,62,0.3870967742,0.6129032258,
Mus_44m,7,62,0,19,81,0.7654320988,0.2345679012,
Mus_44m,8,22,0,21,43,0.511627907,0.488372093,Difficult to decipher glycolytic cells. 
Mus_44m,9,15,0,22,37,0.4054054054,0.5945945946,Difficult to decipher glycolytic cells. 
Mus_44m,10,,,,0,,,Could not decipher cells. 
Mus_44m,11,61,0,6,67,0.9104477612,0.08955223881,
Mus_44m,12,55,0,20,75,0.7333333333,0.2666666667,
Mus_44m,13,,,,0,,,Could not decipher glycolytic cells. 
Mus_44m,14,,,,0,,,Could not decipher glycolytic cells. 
,,,,,,0.6720035994,0.3279964006,
,,,,,,0.2069992355,0.2069992355,
PO_064,1,80,0,37,117,0.6837606838,0.3162393162,
PO_064,2,113,19,12,144,0.9166666667,0.08333333333,
PO_064,3,118,0,16,134,0.8805970149,0.1194029851,
PO_064,4,78,0,22,100,0.78,0.22,
PO_064,5,88,0,2,90,0.9777777778,0.02222222222,
PO_064,6,96,0,15,111,0.8648648649,0.1351351351,
PO_064,7,96,0,11,107,0.8971962617,0.1028037383,
PO_064,8,44,0,42,86,0.511627907,0.488372093,
PO_064,9,12,10,101,123,0.1788617886,0.8211382114,
PO_064,10,68,0,51,119,0.5714285714,0.4285714286,
PO_064,11,48,0,38,86,0.5581395349,0.4418604651,
PO_064,12,38,0,69,107,0.3551401869,0.6448598131,
PO_064,13,11,0,123,134,0.08208955224,0.9179104478,
PO_064,14,66,0,66,132,0.5,0.5,
PO_064,15,3,0,115,118,0.02542372881,0.9745762712,
PO_064,16,98,0,5,103,0.9514563107,0.04854368932,
,,,,,,0.6084394281,0.3915605719,
,,,,,,0.3160238841,0.3160238841,
AZ_F1_203_b,1,90,0,0,90,1,0,
AZ_F1_203_b,2,76,0,34,110,0.6909090909,0.3090909091,
AZ_F1_203_b,3,7,10,66,83,0.2048192771,0.7951807229,
AZ_F1_203_b,4,42,0,52,94,0.4468085106,0.5531914894,
AZ_F1_203_b,5,80,0,0,80,1,0,
AZ_F1_203_b,6,95,0,0,95,1,0,
AZ_F1_203_b,7,20,0,61,81,0.2469135802,0.7530864198,
AZ_F1_203_b,8,40,0,37,77,0.5194805195,0.4805194805,
AZ_F1_203_b,9,35,0,45,80,0.4375,0.5625,
AZ_F1_203_b,10,18,0,64,82,0.2195121951,0.7804878049,
AZ_F1_203_b,11,12,0,61,73,0.1643835616,0.8356164384,
AZ_F1_203_b,12,29,0,47,76,0.3815789474,0.6184210526,
AZ_F1_203_b,13,14,0,56,70,0.2,0.8,
AZ_F1_203_b,14,8,0,82,90,0.08888888889,0.9111111111,
AZ_F1_203_b,15,4,0,84,88,0.04545454545,0.9545454545,
AZ_F1_203_b,16,12,0,63,75,0.16,0.84,
,,,,,,0.4253905698,0.5746094302,
,,,,,,0.3308816447,0.3308816447,
LN_F1_201_o,1,14,0,43,57,0.2456140351,0.7543859649,
LN_F1_201_o,2,18,0,31,49,0.3673469388,0.6326530612,
LN_F1_201_o,3,25,0,37,62,0.4032258065,0.5967741935,
LN_F1_201_o,4,42,0,30,72,0.5833333333,0.4166666667,
LN_F1_201_o,5,8,0,38,46,0.1739130435,0.8260869565,
LN_F1_201_o,6,4,0,51,55,0.07272727273,0.9272727273,
LN_F1_201_o,7,23,0,57,80,0.2875,0.7125,
LN_F1_201_o,8,34,0,27,61,0.5573770492,0.4426229508,
LN_F1_201_o,9,57,0,21,78,0.7307692308,0.2692307692,
LN_F1_201_o,10,45,0,18,63,0.7142857143,0.2857142857,
LN_F1_201_o,11,37,0,20,57,0.649122807,0.350877193,
LN_F1_201_o,12,33,0,38,71,0.4647887324,0.5352112676,
LN_F1_201_o,13,12,0,54,66,0.1818181818,0.8181818182,
LN_F1_201_o,14,25,0,41,66,0.3787878788,0.6212121212,
LN_F1_201_o,15,47,0,31,78,0.6025641026,0.3974358974,
LN_F1_201_o,16,8,0,53,61,0.131147541,0.868852459,
,,,,,,0.4090201042,0.5909798958,
,,,,,,0.2142705722,0.2142705722,
AZ_F1_207_c,1,18,11,42,71,0.4084507042,0.5915492958,
AZ_F1_207_c,2,28,0,40,68,0.4117647059,0.5882352941,
AZ_F1_207_c,3,71,0,0,71,1,0,
AZ_F1_207_c,4,46,0,26,72,0.6388888889,0.3611111111,
AZ_F1_207_c,5,21,0,40,61,0.3442622951,0.6557377049,Difficult to decipher glycolytic cells. 
AZ_F1_207_c,6,10,16,42,68,0.3823529412,0.6176470588,
AZ_F1_207_c,7,56,0,20,76,0.7368421053,0.2631578947,
AZ_F1_207_c,8,49,0,18,67,0.7313432836,0.2686567164,
AZ_F1_207_c,9,68,1,0,69,1,0,
AZ_F1_207_c,10,54,0,36,90,0.6,0.4,
AZ_F1_207_c,11,36,0,13,49,0.7346938776,0.2653061224,
AZ_F1_207_c,12,67,0,0,67,1,0,
AZ_F1_207_c,13,31,0,27,58,0.5344827586,0.4655172414,
AZ_F1_207_c,14,23,0,37,60,0.3833333333,0.6166666667,
AZ_F1_207_c,15,30,0,42,72,0.4166666667,0.5833333333,
AZ_F1_207_c,16,84,0,0,84,1,0,
,,,,,,0.6451925975,0.3548074025,
,,,,,,0.2493588327,0.2493588327,
AZ_F1_207_b,1,73,0,22,95,0.7684210526,0.2315789474,
AZ_F1_207_b,2,50,0,40,90,0.5555555556,0.4444444444,
AZ_F1_207_b,3,41,0,46,87,0.4712643678,0.5287356322,
AZ_F1_207_b,4,49,0,32,81,0.6049382716,0.3950617284,
AZ_F1_207_b,5,52,0,44,96,0.5416666667,0.4583333333,
AZ_F1_207_b,6,21,0,73,94,0.2234042553,0.7765957447,
AZ_F1_207_b,7,25,0,56,81,0.3086419753,0.6913580247,
AZ_F1_207_b,8,48,0,35,83,0.578313253,0.421686747,
AZ_F1_207_b,9,67,0,1,68,0.9852941176,0.01470588235,
AZ_F1_207_b,10,5,0,52,57,0.08771929825,0.9122807018,
AZ_F1_207_b,11,7,5,59,71,0.1690140845,0.8309859155,
AZ_F1_207_b,12,20,0,46,66,0.303030303,0.696969697,
AZ_F1_207_b,13,11,0,62,73,0.1506849315,0.8493150685,
,,,,,,0.4421498564,0.5578501436,
,,,,,,0.2646248034,0.2646248034,